Fecha,Turno,EquipoID,Toneladas,HorasOperacion,Disponibilidad
2025-01-01 00:00:00,A,FLO-017,475,7.8,88.3
2025-01-01 01:00:00,C,REL-050,718,9.7,92.1
2025-01-01 02:00:00,A,MOL-001,588,12.0,95.2
2025-01-01 03:00:00,A,REL-025,531,6.8,91.3
2025-01-01 04:00:00,A,MOL-031,368,4.1,90.2
2025-01-01 05:00:00,B,mol-004,406,5.0,94.5
2025-01-01 06:00:00,A,ESP-023,288,8.4,94.1
2025-01-01 07:00:00,C,REL-030,511,6.8,96.6
2025-01-01 08:00:00,B,MOL-031,368,11.5,81.3
2025-01-01 09:00:00,A,MOL-006,375,9.0,95.1
2025-01-01 10:00:00,A,FIL-014,223,8.2,90.3
2025-01-01 11:00:00,B,ESP-013,679,10.4,81.5
2025-01-01 12:00:00,A,FLO-032,763,6.1,93.6
2025-01-01 13:00:00,C,FLO-017,498,10.6,94.3
2025-01-01 14:00:00,A,FIL-029,521,4.0,90.5
2025-01-01 15:00:00,B,FLO-037,755,9.0,95.9
2025-01-01 16:00:00,A,REL-040,506,11.5,86.0
2025-01-01 17:00:00,A,REL-010,573,10.3,84.0
2025-01-01 18:00:00,A,MOL-046,456,10.8,87.0
2025-01-01 19:00:00,A,FIL-009,508,7.2,88.2
2025-01-01 20:00:00,C,FLO-002,513,10.6,93.9
2025-01-01 21:00:00,C,ESP-003,626,8.4,96.9
2025-01-01 22:00:00,C,MOL-011,562,8.9,94.4
2025-01-01 23:00:00,A,FIL-044,502,4.5,83.5
2025-01-02 00:00:00,C,MOL-011,245,5.6,87.3
2025-01-02 01:00:00,B,REL-035,742,8.4,83.2
2025-01-02 02:00:00,A,MOL-021,732,4.5,93.7
2025-01-02 03:00:00,A,FLO-002,310,9.9,85.0
2025-01-02 04:00:00,B,ESP-023,375,10.7,90.5
2025-01-02 05:00:00,B,FLO-002,784,11.4,95.8
2025-01-02 06:00:00,A,FIL-024,392,4.8,93.4
2025-01-02 07:00:00,C,ESP-028,687,11.5,86.0
2025-01-02 08:00:00,C,FLO-027,671,4.5,86.7
2025-01-02 09:00:00,B,REL-015,716,7.8,93.1
2025-01-02 10:00:00,C,FIL-039,209,10.7,91.0
2025-01-02 11:00:00,C,REL-030,489,4.6,81.9
2025-01-02 12:00:00,C,ESP-013,539,4.1,97.5
2025-01-02 13:00:00,A,FLO-022,702,4.2,90.3
2025-01-02 14:00:00,C,MOL-006,334,8.1,89.5
2025-01-02 15:00:00,B,FLO-047,384,10.5,84.0
2025-01-02 16:00:00,C,ESP-038,307,5.0,87.5
2025-01-02 17:00:00,C,REL-015,657,5.0,86.7
2025-01-02 18:00:00,A,FIL-034,799,8.5,85.4
2025-01-02 19:00:00,B,FIL-034,284,5.9,91.3
2025-01-02 20:00:00,A,MOL-031,339,9.8,89.2
2025-01-02 21:00:00,A,ESP-003,384,11.6,97.8
2025-01-02 22:00:00,B,FIL-044,733,10.1,98.8
2025-01-02 23:00:00,C,ESP-048,467,11.0,84.4
2025-01-03 00:00:00,C,FIL-049,369,8.2,82.0
2025-01-03 01:00:00,B,REL-050,393,10.7,95.7
2025-01-03 02:00:00,A,FLO-047,558,5.5,99.9
2025-01-03 03:00:00,B,FLO-037,432,4.5,97.3
2025-01-03 04:00:00,C,ESP-003,284,9.2,80.5
2025-01-03 05:00:00,C,FIL-024,692,4.4,85.0
2025-01-03 06:00:00,A,ESP-013,453,11.1,80.9
2025-01-03 07:00:00,A,MOL-011,354,9.5,96.4
2025-01-03 08:00:00,C,FLO-042,637,11.6,91.6
2025-01-03 09:00:00,A,MOL-041,647,6.5,90.3
2025-01-03 10:00:00,A,FLO-027,293,7.9,91.1
2025-01-03 11:00:00,A,FLO-037,244,9.9,85.0
2025-01-03 12:00:00,B,FLO-007,227,5.9,92.0
2025-01-03 13:00:00,B,FLO-012,659,8.3,80.6
2025-01-03 14:00:00,B,FIL-044,575,9.3,92.9
2025-01-03 15:00:00,A,ESP-023,675,11.8,94.7
2025-01-03 16:00:00,C,ESP-028,575,10.0,93.5
2025-01-03 17:00:00,C,FIL-024,441,4.9,86.6
2025-01-03 18:00:00,B,MOL-011,553,7.8,96.5
2025-01-03 19:00:00,A,FLO-042,633,8.7,94.3
2025-01-03 20:00:00,B,ESP-038,439,5.2,82.6
2025-01-03 21:00:00,C,REL-035,749,7.5,83.9
2025-01-03 22:00:00,B,ESP-018,739,6.3,92.7
2025-01-03 23:00:00,A,ESP-033,680,5.0,85.8
2025-01-04 00:00:00,B,ESP-048,795,8.1,82.4
2025-01-04 01:00:00,B,ESP-033,434,5.3,83.1
2025-01-04 02:00:00,B,REL-025,268,8.7,83.3
2025-01-04 03:00:00,B,FIL-014,490,5.4,89.6
2025-01-04 04:00:00,A,FLO-027,647,9.8,92.1
2025-01-04 05:00:00,C,FIL-019,667,5.6,83.5
2025-01-04 06:00:00,B,MOL-031,433,11.2,94.2
2025-01-04 07:00:00,B,ESP-003,375,4.2,85.6
2025-01-04 08:00:00,B,REL-010,467,8.2,86.2
2025-01-04 09:00:00,B,REL-040,682,6.6,84.5
2025-01-04 10:00:00,A,REL-020,236,5.8,95.7
2025-01-04 11:00:00,C,FLO-022,396,7.8,99.2
2025-01-04 12:00:00,A,ESP-028,337,10.7,89.8
2025-01-04 13:00:00,B,FLO-022,683,11.3,80.8
2025-01-04 14:00:00,A,ESP-038,481,6.4,85.2
2025-01-04 15:00:00,A,ESP-013,252,5.2,83.2
2025-01-04 16:00:00,A,ESP-038,357,9.8,96.9
2025-01-04 17:00:00,C,MOL-011,226,8.7,81.7
2025-01-04 18:00:00,B,FIL-019,485,5.6,99.3
2025-01-04 19:00:00,B,REL-030,798,10.1,91.8
2025-01-04 20:00:00,C,REL-045,540,8.2,90.4
2025-01-04 21:00:00,A,FLO-012,721,9.2,96.9
2025-01-04 22:00:00,B,REL-030,645,6.9,80.6
2025-01-04 23:00:00,B,mol-004,729,7.5,95.5
2025-01-05 00:00:00,B,mol-004,386,5.4,82.3
2025-01-05 01:00:00,A,FIL-039,770,10.1,96.8
2025-01-05 02:00:00,C,MOL-036,343,5.3,90.6
2025-01-05 03:00:00,A,FIL-019,462,10.2,81.2
2025-01-05 04:00:00,C,FLO-032,608,10.4,96.7
2025-01-05 05:00:00,C,REL-020,372,10.0,80.5
2025-01-05 06:00:00,B,FIL-014,358,4.2,82.8
2025-01-05 07:00:00,A,FLO-022,278,6.2,96.0
2025-01-05 08:00:00,A,MOL-016,202,7.7,89.3
2025-01-05 09:00:00,C,MOL-041,500,8.8,97.6
2025-01-05 10:00:00,C,MOL-021,792,11.4,92.7
2025-01-05 11:00:00,C,FLO-017,332,7.0,92.5
2025-01-05 12:00:00,A,FLO-027,464,11.0,85.8
2025-01-05 13:00:00,B,ESP-038,761,5.3,82.7
2025-01-05 14:00:00,A,FIL-014,663,7.0,99.2
2025-01-05 15:00:00,C,FLO-047,202,4.4,82.1
2025-01-05 16:00:00,B,FIL-024,500,9.9,90.6
2025-01-05 17:00:00,C,FIL-034,285,5.2,85.5
2025-01-05 18:00:00,C,ESP-048,348,6.1,85.3
2025-01-05 19:00:00,C,FLO-022,347,10.2,91.9
2025-01-05 20:00:00,B,REL-010,567,8.3,96.0
2025-01-05 21:00:00,B,ESP-038,319,4.1,95.5
2025-01-05 22:00:00,B,MOL-001,351,4.0,97.4
2025-01-05 23:00:00,A,ESP-023,335,8.1,85.9
2025-01-06 00:00:00,A,FIL-049,414,6.4,89.3
2025-01-06 01:00:00,B,MOL-021,593,5.4,80.2
2025-01-06 02:00:00,C,REL-035,439,8.9,94.9
2025-01-06 03:00:00,B,FLO-027,396,5.8,86.0
2025-01-06 04:00:00,C,MOL-011,510,8.7,91.2
2025-01-06 05:00:00,A,MOL-016,569,7.0,83.4
2025-01-06 06:00:00,B,FLO-027,209,5.5,96.4
2025-01-06 07:00:00,B,MOL-006,734,5.1,96.3
2025-01-06 08:00:00,B,MOL-021,749,5.9,97.5
2025-01-06 09:00:00,A,MOL-021,561,4.2,80.9
2025-01-06 10:00:00,A,FLO-042,544,6.5,99.8
2025-01-06 11:00:00,C,FLO-007,616,11.2,85.0
2025-01-06 12:00:00,B,ESP-043,464,10.7,86.2
2025-01-06 13:00:00,A,MOL-021,419,7.0,85.0
2025-01-06 14:00:00,A,ESP-033,411,8.6,85.4
2025-01-06 15:00:00,A,ESP-028,295,8.5,91.1
2025-01-06 16:00:00,C,REL-015,704,10.6,84.8
2025-01-06 17:00:00,A,FLO-047,392,5.9,87.9
2025-01-06 18:00:00,C,FLO-012,370,6.4,93.1
2025-01-06 19:00:00,A,FLO-002,778,6.4,96.7
2025-01-06 20:00:00,B,ESP-038,504,4.3,93.9
2025-01-06 21:00:00,A,FLO-032,573,6.5,91.9
2025-01-06 22:00:00,C,REL-045,347,11.0,83.0
2025-01-06 23:00:00,A,ESP-023,366,11.3,96.3
2025-01-07 00:00:00,B,MOL-001,637,4.9,80.7
2025-01-07 01:00:00,A,FLO-002,470,7.7,85.3
2025-01-07 02:00:00,A,FLO-022,288,7.1,81.1
2025-01-07 03:00:00,A,ESP-013,701,7.9,93.3
2025-01-07 04:00:00,C,FLO-047,441,8.4,87.4
2025-01-07 05:00:00,B,MOL-006,601,4.2,93.0
2025-01-07 06:00:00,B,REL-045,404,10.7,86.9
2025-01-07 07:00:00,B,MOL-011,536,11.8,89.1
2025-01-07 08:00:00,C,MOL-006,665,9.2,89.2
2025-01-07 09:00:00,B,FIL-014,731,9.3,80.9
2025-01-07 10:00:00,B,ESP-008,324,8.2,88.6
2025-01-07 11:00:00,A,MOL-021,603,6.7,92.8
2025-01-07 12:00:00,A,FLO-017,748,5.2,90.9
2025-01-07 13:00:00,A,FLO-027,585,8.7,81.5
2025-01-07 14:00:00,B,FLO-027,285,4.4,93.4
2025-01-07 15:00:00,A,MOL-001,313,10.6,86.2
2025-01-07 16:00:00,A,FLO-007,321,7.4,80.3
2025-01-07 17:00:00,A,FIL-009,263,7.3,83.1
2025-01-07 18:00:00,A,REL-010,652,6.6,90.0
2025-01-07 19:00:00,C,REL-005,779,11.8,86.2
2025-01-07 20:00:00,B,MOL-016,510,5.4,93.9
2025-01-07 21:00:00,C,ESP-028,559,5.2,84.8
2025-01-07 22:00:00,B,MOL-016,664,5.3,95.5
2025-01-07 23:00:00,C,FLO-017,449,9.3,85.7
2025-01-08 00:00:00,A,FIL-024,483,11.9,92.4
2025-01-08 01:00:00,B,ESP-028,553,5.9,96.0
2025-01-08 02:00:00,C,FLO-017,382,11.2,87.7
2025-01-08 03:00:00,B,FLO-012,237,6.2,80.9
2025-01-08 04:00:00,C,MOL-021,540,9.2,90.7
2025-01-08 05:00:00,A,FLO-002,693,4.3,99.9
2025-01-08 06:00:00,A,REL-025,243,8.0,99.4
2025-01-08 07:00:00,C,ESP-048,329,9.2,84.4
2025-01-08 08:00:00,A,REL-020,357,8.3,95.1
2025-01-08 09:00:00,C,MOL-006,682,5.9,86.9
2025-01-08 10:00:00,C,MOL-036,502,10.6,83.2
2025-01-08 11:00:00,C,FLO-007,520,11.8,93.3
2025-01-08 12:00:00,B,REL-010,587,7.7,90.0
2025-01-08 13:00:00,C,ESP-008,365,9.1,90.8
2025-01-08 14:00:00,A,REL-045,628,10.3,96.5
2025-01-08 15:00:00,B,REL-050,218,5.9,86.7
2025-01-08 16:00:00,A,FIL-029,268,10.9,93.3
2025-01-08 17:00:00,C,MOL-031,689,6.2,87.3
2025-01-08 18:00:00,C,ESP-033,594,10.2,80.9
2025-01-08 19:00:00,C,MOL-031,305,4.9,87.6
2025-01-08 20:00:00,C,ESP-028,463,6.3,99.0
2025-01-08 21:00:00,A,REL-050,231,8.3,89.7
2025-01-08 22:00:00,A,FLO-037,603,8.2,82.2
2025-01-08 23:00:00,C,REL-005,653,10.8,93.8
2025-01-09 00:00:00,B,REL-020,367,12.0,99.3
2025-01-09 01:00:00,A,FIL-049,410,4.9,98.2
2025-01-09 02:00:00,C,MOL-021,342,6.2,91.4
2025-01-09 03:00:00,C,MOL-011,433,6.9,87.5
2025-01-09 04:00:00,B,FIL-044,363,7.8,91.6
2025-01-09 05:00:00,C,FLO-032,348,8.0,96.3
2025-01-09 06:00:00,A,FIL-029,458,10.8,97.2
2025-01-09 07:00:00,A,FLO-022,715,10.2,96.4
2025-01-09 08:00:00,A,FLO-007,657,4.2,89.1
2025-01-09 09:00:00,B,REL-020,378,7.6,82.4
2025-01-09 10:00:00,A,FLO-022,765,8.9,91.4
2025-01-09 11:00:00,A,FLO-047,326,7.7,83.1
2025-01-09 12:00:00,C,MOL-016,746,5.0,81.2
2025-01-09 13:00:00,C,ESP-008,385,7.2,90.0
2025-01-09 14:00:00,C,FLO-022,524,7.3,93.1
2025-01-09 15:00:00,C,REL-050,321,5.5,97.1
2025-01-09 16:00:00,C,REL-025,657,10.1,95.7
2025-01-09 17:00:00,B,FIL-019,390,6.6,97.1
2025-01-09 18:00:00,B,FIL-034,723,8.7,95.2
2025-01-09 19:00:00,C,ESP-033,249,8.1,94.1
2025-01-09 20:00:00,B,REL-015,501,11.0,80.2
2025-01-09 21:00:00,A,FIL-049,295,5.0,92.5
2025-01-09 22:00:00,C,REL-030,733,4.9,82.4
2025-01-09 23:00:00,A,ESP-003,450,6.4,81.2
2025-01-10 00:00:00,C,MOL-021,604,7.4,83.1
2025-01-10 01:00:00,B,FLO-047,727,6.4,96.5
2025-01-10 02:00:00,C,REL-020,521,10.1,94.9
2025-01-10 03:00:00,A,FIL-029,234,6.0,99.0
2025-01-10 04:00:00,B,MOL-031,332,4.7,99.6
2025-01-10 05:00:00,B,MOL-036,327,7.3,97.9
2025-01-10 06:00:00,B,FIL-044,748,10.2,82.7
2025-01-10 07:00:00,A,ESP-008,745,10.8,97.6
2025-01-10 08:00:00,C,MOL-026,486,9.9,96.8
2025-01-10 09:00:00,B,FLO-027,734,8.5,97.4
2025-01-10 10:00:00,C,ESP-008,347,9.8,83.0
2025-01-10 11:00:00,B,FIL-034,607,9.5,82.3
2025-01-10 12:00:00,A,MOL-006,435,5.9,98.5
2025-01-10 13:00:00,C,ESP-023,344,8.4,83.5
2025-01-10 14:00:00,A,FLO-017,350,10.2,87.4
2025-01-10 15:00:00,A,ESP-008,451,6.5,89.1
2025-01-10 16:00:00,C,FLO-042,403,9.2,82.5
2025-01-10 17:00:00,C,ESP-013,326,7.9,80.4
2025-01-10 18:00:00,C,ESP-013,400,8.0,99.9
2025-01-10 19:00:00,B,ESP-043,277,4.7,97.5
2025-01-10 20:00:00,C,FIL-044,781,9.3,98.2
2025-01-10 21:00:00,A,FLO-002,427,10.9,85.7
2025-01-10 22:00:00,C,FIL-014,264,5.1,84.4
2025-01-10 23:00:00,B,MOL-036,545,6.9,88.5
2025-01-11 00:00:00,A,FIL-039,729,4.4,89.1
2025-01-11 01:00:00,B,REL-050,415,4.2,80.1
2025-01-11 02:00:00,B,ESP-028,707,11.9,95.6
2025-01-11 03:00:00,A,MOL-001,566,7.9,99.9
2025-01-11 04:00:00,B,FIL-044,643,6.8,90.6
2025-01-11 05:00:00,B,FIL-009,377,6.2,87.8
2025-01-11 06:00:00,A,FLO-007,222,11.8,87.9
2025-01-11 07:00:00,A,FIL-034,407,6.0,81.9
2025-01-11 08:00:00,C,MOL-031,754,9.8,85.3
2025-01-11 09:00:00,B,ESP-003,674,6.3,90.0
2025-01-11 10:00:00,B,FIL-009,670,4.6,88.6
2025-01-11 11:00:00,B,REL-030,726,9.5,90.9
2025-01-11 12:00:00,B,ESP-013,423,4.0,97.0
2025-01-11 13:00:00,B,REL-035,393,9.4,84.5
2025-01-11 14:00:00,B,MOL-021,755,6.0,80.6
2025-01-11 15:00:00,C,REL-030,542,10.0,80.8
2025-01-11 16:00:00,C,FIL-024,378,10.2,82.7
2025-01-11 17:00:00,A,FIL-019,366,9.8,91.4
2025-01-11 18:00:00,C,ESP-018,726,4.2,96.2
2025-01-11 19:00:00,C,REL-035,232,9.6,97.7
2025-01-11 20:00:00,A,MOL-026,237,11.9,92.7
2025-01-11 21:00:00,C,REL-030,642,5.9,88.1
2025-01-11 22:00:00,B,FIL-029,200,6.2,83.1
2025-01-11 23:00:00,C,MOL-011,302,10.5,88.0
2025-01-12 00:00:00,B,MOL-046,794,5.3,86.6
2025-01-12 01:00:00,C,FIL-029,455,9.3,97.4
2025-01-12 02:00:00,A,MOL-036,636,10.0,89.7
2025-01-12 03:00:00,A,REL-045,492,4.3,84.5
2025-01-12 04:00:00,C,FLO-047,254,8.4,85.8
2025-01-12 05:00:00,B,FIL-034,310,8.6,82.7
2025-01-12 06:00:00,B,REL-040,656,6.4,98.4
2025-01-12 07:00:00,A,FIL-024,256,11.0,81.0
2025-01-12 08:00:00,A,FLO-037,556,5.3,80.3
2025-01-12 09:00:00,C,FLO-017,408,6.9,83.7
2025-01-12 10:00:00,A,MOL-036,422,10.8,96.2
2025-01-12 11:00:00,B,REL-005,771,5.5,90.5
2025-01-12 12:00:00,A,MOL-046,563,10.6,92.5
2025-01-12 13:00:00,A,ESP-013,569,4.6,87.2
2025-01-12 14:00:00,A,ESP-033,410,7.9,81.4
2025-01-12 15:00:00,C,MOL-001,428,4.6,97.1
2025-01-12 16:00:00,C,ESP-008,611,9.4,83.8
2025-01-12 17:00:00,A,REL-050,223,10.3,80.7
2025-01-12 18:00:00,B,FLO-042,342,10.8,91.5
2025-01-12 19:00:00,B,FLO-012,560,11.9,81.7
2025-01-12 20:00:00,B,FLO-007,574,9.4,81.9
2025-01-12 21:00:00,C,MOL-041,255,10.2,96.0
2025-01-12 22:00:00,A,REL-050,672,8.0,89.8
2025-01-12 23:00:00,A,FIL-009,525,11.3,84.8
2025-01-13 00:00:00,B,FIL-034,342,9.2,87.0
2025-01-13 01:00:00,B,REL-015,651,11.1,94.6
2025-01-13 02:00:00,A,ESP-038,794,5.9,81.3
2025-01-13 03:00:00,C,MOL-021,454,8.0,82.3
2025-01-13 04:00:00,A,FLO-007,370,9.8,92.3
2025-01-13 05:00:00,A,FLO-017,379,5.6,92.1
2025-01-13 06:00:00,B,FLO-027,555,5.7,99.4
2025-01-13 07:00:00,B,REL-040,228,11.8,87.5
2025-01-13 08:00:00,A,FLO-002,490,7.5,81.3
2025-01-13 09:00:00,A,ESP-048,214,5.5,90.8
2025-01-13 10:00:00,A,ESP-033,223,6.7,92.8
2025-01-13 11:00:00,B,FIL-044,458,7.2,82.8
2025-01-13 12:00:00,B,FLO-047,647,9.0,91.1
2025-01-13 13:00:00,A,ESP-008,730,11.4,84.0
2025-01-13 14:00:00,B,REL-005,252,11.9,96.9
2025-01-13 15:00:00,C,FIL-039,346,9.2,96.7
2025-01-13 16:00:00,A,REL-010,452,9.6,88.6
2025-01-13 17:00:00,C,ESP-008,544,6.6,99.3
2025-01-13 18:00:00,A,FIL-024,792,10.9,99.6
2025-01-13 19:00:00,A,MOL-046,610,5.7,82.6
2025-01-13 20:00:00,A,REL-040,523,4.9,87.4
2025-01-13 21:00:00,A,MOL-026,236,11.8,92.0
2025-01-13 22:00:00,A,REL-010,248,10.9,81.7
2025-01-13 23:00:00,B,FLO-017,291,6.4,87.7
2025-01-14 00:00:00,B,REL-035,596,9.4,85.2
2025-01-14 01:00:00,C,ESP-008,398,7.7,99.0
2025-01-14 02:00:00,B,FLO-027,344,6.6,88.2
2025-01-14 03:00:00,B,MOL-001,602,6.3,95.3
2025-01-14 04:00:00,B,FLO-017,689,5.1,87.7
2025-01-14 05:00:00,A,ESP-013,463,8.4,82.6
2025-01-14 06:00:00,C,REL-035,729,7.6,97.3
2025-01-14 07:00:00,A,MOL-046,640,8.1,80.0
2025-01-14 08:00:00,C,ESP-008,629,5.7,81.1
2025-01-14 09:00:00,C,REL-040,720,11.5,87.3
2025-01-14 10:00:00,C,ESP-033,310,9.1,93.7
2025-01-14 11:00:00,B,FIL-049,655,11.2,86.8
2025-01-14 12:00:00,A,MOL-046,774,4.9,81.3
2025-01-14 13:00:00,C,MOL-006,795,9.0,86.4
2025-01-14 14:00:00,A,ESP-038,546,10.8,84.9
2025-01-14 15:00:00,B,REL-030,652,6.6,80.1
2025-01-14 16:00:00,C,MOL-006,733,5.6,90.7
2025-01-14 17:00:00,C,ESP-013,711,6.1,82.3
2025-01-14 18:00:00,C,FLO-047,738,6.2,85.7
2025-01-14 19:00:00,A,ESP-028,699,7.6,92.8
2025-01-14 20:00:00,C,FLO-017,428,6.6,94.5
2025-01-14 21:00:00,A,FLO-017,638,6.2,85.3
2025-01-14 22:00:00,B,FLO-042,446,9.2,86.6
2025-01-14 23:00:00,C,REL-015,681,4.4,84.9
2025-01-15 00:00:00,B,ESP-008,686,6.7,99.1
2025-01-15 01:00:00,C,FIL-029,760,9.5,83.8
2025-01-15 02:00:00,B,REL-050,552,5.4,83.7
2025-01-15 03:00:00,A,REL-010,485,5.8,88.9
2025-01-15 04:00:00,A,ESP-013,299,5.6,83.8
2025-01-15 05:00:00,B,FIL-024,582,4.0,83.1
2025-01-15 06:00:00,C,REL-010,539,7.8,81.9
2025-01-15 07:00:00,B,ESP-033,508,4.3,92.8
2025-01-15 08:00:00,C,ESP-013,605,6.2,92.2
2025-01-15 09:00:00,B,FLO-007,710,12.0,93.0
2025-01-15 10:00:00,A,FIL-014,289,11.3,95.5
2025-01-15 11:00:00,A,FLO-047,458,5.7,86.5
2025-01-15 12:00:00,B,FLO-047,633,6.5,98.4
2025-01-15 13:00:00,C,MOL-026,691,7.7,94.7
2025-01-15 14:00:00,C,MOL-021,667,10.8,96.1
2025-01-15 15:00:00,A,MOL-041,679,10.4,94.4
2025-01-15 16:00:00,B,REL-010,713,5.0,87.2
2025-01-15 17:00:00,C,ESP-033,777,5.0,85.7
2025-01-15 18:00:00,B,REL-035,564,7.3,88.5
2025-01-15 19:00:00,A,MOL-036,349,11.0,81.9
2025-01-15 20:00:00,B,MOL-011,538,11.1,89.0
2025-01-15 21:00:00,A,MOL-036,625,4.9,80.9
2025-01-15 22:00:00,A,MOL-031,260,8.6,80.1
2025-01-15 23:00:00,B,FIL-044,654,5.2,98.6
2025-01-16 00:00:00,A,FIL-009,526,9.5,93.8
2025-01-16 01:00:00,B,MOL-031,761,11.3,91.2
2025-01-16 02:00:00,B,FLO-042,327,7.6,86.8
2025-01-16 03:00:00,B,FIL-014,744,4.7,91.4
2025-01-16 04:00:00,B,ESP-038,468,8.6,97.8
2025-01-16 05:00:00,A,REL-005,544,7.3,93.0
2025-01-16 06:00:00,C,MOL-036,596,10.5,92.0
2025-01-16 07:00:00,C,MOL-031,547,6.7,89.2
2025-01-16 08:00:00,C,REL-010,742,11.0,86.9
2025-01-16 09:00:00,C,mol-004,300,6.2,94.0
2025-01-16 10:00:00,B,ESP-038,637,5.3,99.6
2025-01-16 11:00:00,C,ESP-013,784,6.5,88.5
2025-01-16 12:00:00,B,REL-025,332,4.3,87.8
2025-01-16 13:00:00,A,mol-004,353,6.2,88.6
2025-01-16 14:00:00,C,FIL-049,485,9.3,88.5
2025-01-16 15:00:00,A,ESP-028,634,5.1,99.8
2025-01-16 16:00:00,C,FLO-047,775,4.9,94.1
2025-01-16 17:00:00,B,FIL-009,677,5.1,87.2
2025-01-16 18:00:00,C,MOL-011,676,4.6,87.4
2025-01-16 19:00:00,B,MOL-031,464,11.0,88.6
2025-01-16 20:00:00,B,MOL-031,587,11.6,80.7
2025-01-16 21:00:00,A,REL-040,326,4.4,90.6
2025-01-16 22:00:00,C,FLO-047,477,10.1,96.2
2025-01-16 23:00:00,A,FLO-042,313,9.9,93.2
2025-01-17 00:00:00,B,ESP-008,216,12.0,84.0
2025-01-17 01:00:00,B,MOL-016,713,6.8,94.6
2025-01-17 02:00:00,B,MOL-046,682,6.3,94.4
2025-01-17 03:00:00,A,ESP-028,506,7.6,85.3
2025-01-17 04:00:00,B,FIL-044,208,10.9,92.5
2025-01-17 05:00:00,B,FIL-029,254,9.8,92.2
2025-01-17 06:00:00,A,ESP-003,267,7.8,96.8
2025-01-17 07:00:00,A,FIL-024,630,6.0,82.7
2025-01-17 08:00:00,C,FLO-042,322,9.8,83.9
2025-01-17 09:00:00,A,ESP-033,350,10.8,89.7
2025-01-17 10:00:00,A,FLO-007,716,7.2,80.9
2025-01-17 11:00:00,B,MOL-011,725,9.3,88.3
2025-01-17 12:00:00,A,ESP-043,657,7.2,95.8
2025-01-17 13:00:00,B,FIL-049,385,7.8,83.0
2025-01-17 14:00:00,A,ESP-038,547,8.2,89.2
2025-01-17 15:00:00,B,REL-005,320,10.2,99.8
2025-01-17 16:00:00,C,MOL-031,714,11.8,90.1
2025-01-17 17:00:00,B,FLO-042,250,7.6,90.0
2025-01-17 18:00:00,C,ESP-033,646,6.7,91.2
2025-01-17 19:00:00,C,REL-030,506,7.0,83.7
2025-01-17 20:00:00,A,FIL-024,654,5.1,82.9
2025-01-17 21:00:00,B,ESP-013,470,6.4,93.5
2025-01-17 22:00:00,A,REL-015,294,4.7,87.9
2025-01-17 23:00:00,B,ESP-038,650,7.4,85.8
2025-01-18 00:00:00,A,mol-004,578,5.3,80.6
2025-01-18 01:00:00,C,REL-005,478,6.8,96.9
2025-01-18 02:00:00,A,REL-020,423,10.3,80.6
2025-01-18 03:00:00,B,FIL-039,406,6.0,95.0
2025-01-18 04:00:00,A,ESP-033,488,8.9,87.6
2025-01-18 05:00:00,C,REL-030,356,11.2,92.0
2025-01-18 06:00:00,C,FLO-027,369,8.5,85.0
2025-01-18 07:00:00,C,MOL-006,366,5.6,83.1
2025-01-18 08:00:00,B,FLO-017,207,6.8,90.7
2025-01-18 09:00:00,A,mol-004,756,8.7,93.9
2025-01-18 10:00:00,C,ESP-038,341,8.1,83.9
2025-01-18 11:00:00,B,ESP-038,299,5.2,88.7
2025-01-18 12:00:00,C,ESP-013,290,7.6,88.9
2025-01-18 13:00:00,C,REL-015,792,8.3,84.3
2025-01-18 14:00:00,B,MOL-016,486,6.1,91.3
2025-01-18 15:00:00,C,REL-045,396,8.9,82.9
2025-01-18 16:00:00,C,REL-025,442,4.6,90.2
2025-01-18 17:00:00,B,FIL-039,253,6.7,82.3
2025-01-18 18:00:00,A,ESP-023,388,10.4,89.7
2025-01-18 19:00:00,A,REL-035,349,6.1,86.2
2025-01-18 20:00:00,B,FLO-027,681,8.8,89.0
2025-01-18 21:00:00,B,FIL-014,235,7.3,88.7
2025-01-18 22:00:00,A,FIL-044,455,6.5,98.2
2025-01-18 23:00:00,A,MOL-036,674,11.3,89.8
2025-01-19 00:00:00,C,FIL-039,700,6.7,96.4
2025-01-19 01:00:00,C,ESP-048,507,5.9,84.5
2025-01-19 02:00:00,A,ESP-013,333,11.3,87.0
2025-01-19 03:00:00,B,REL-005,402,10.0,81.5
2025-01-19 04:00:00,A,REL-030,333,9.5,88.4
2025-01-19 05:00:00,C,FLO-017,597,4.4,93.4
2025-01-19 06:00:00,C,FLO-022,375,5.0,96.8
2025-01-19 07:00:00,C,FLO-012,578,9.1,91.3
2025-01-19 08:00:00,B,REL-020,593,5.7,92.8
2025-01-19 09:00:00,B,REL-020,763,5.8,83.5
2025-01-19 10:00:00,C,ESP-018,422,10.2,80.7
2025-01-19 11:00:00,B,ESP-038,776,6.3,95.8
2025-01-19 12:00:00,B,REL-030,440,4.6,83.3
2025-01-19 13:00:00,C,FIL-024,608,4.3,81.8
2025-01-19 14:00:00,B,MOL-006,596,7.5,98.8
2025-01-19 15:00:00,C,FIL-029,690,8.9,99.3
2025-01-19 16:00:00,B,FIL-009,481,11.0,92.3
2025-01-19 17:00:00,C,MOL-016,675,4.9,87.6
2025-01-19 18:00:00,A,MOL-021,413,5.6,96.7
2025-01-19 19:00:00,A,ESP-008,494,8.2,84.1
2025-01-19 20:00:00,A,REL-020,499,6.9,88.6
2025-01-19 21:00:00,B,FIL-014,622,7.9,87.1
2025-01-19 22:00:00,C,ESP-043,571,11.4,98.3
2025-01-19 23:00:00,A,ESP-043,246,8.4,98.4
2025-01-20 00:00:00,A,MOL-001,685,7.3,93.0
2025-01-20 01:00:00,C,MOL-031,654,11.9,82.2
2025-01-20 02:00:00,C,ESP-033,262,4.5,89.6
2025-01-20 03:00:00,B,FIL-019,777,11.5,84.9
2025-01-20 04:00:00,B,FIL-024,596,8.0,97.7
2025-01-20 05:00:00,B,REL-040,250,8.0,82.8
2025-01-20 06:00:00,A,FIL-019,494,11.4,81.1
2025-01-20 07:00:00,A,mol-004,701,8.1,94.1
2025-01-20 08:00:00,C,FIL-019,367,7.5,89.1
2025-01-20 09:00:00,B,ESP-013,759,6.2,96.8
2025-01-20 10:00:00,C,REL-020,451,9.3,81.5
2025-01-20 11:00:00,C,FLO-012,335,8.6,96.0
2025-01-20 12:00:00,A,ESP-008,413,5.7,80.7
2025-01-20 13:00:00,A,REL-050,514,9.7,80.6
2025-01-20 14:00:00,C,FLO-007,612,9.2,89.2
2025-01-20 15:00:00,A,MOL-036,756,7.2,84.4
2025-01-20 16:00:00,B,MOL-036,316,4.0,91.9
2025-01-20 17:00:00,C,MOL-031,776,7.6,80.5
2025-01-20 18:00:00,C,MOL-046,516,4.0,80.7
2025-01-20 19:00:00,C,MOL-001,276,4.6,94.5
2025-01-20 20:00:00,A,MOL-016,755,7.4,84.2
2025-01-20 21:00:00,A,REL-010,409,4.7,93.1
2025-01-20 22:00:00,A,FIL-029,572,6.2,95.0
2025-01-20 23:00:00,A,FLO-032,618,9.2,81.2
2025-01-21 00:00:00,A,REL-045,208,6.5,95.4
2025-01-21 01:00:00,C,FIL-019,332,12.0,85.4
2025-01-21 02:00:00,A,FLO-012,611,11.3,87.8
2025-01-21 03:00:00,C,FLO-047,394,8.7,81.7
2025-01-21 04:00:00,B,FIL-034,205,11.7,96.8
2025-01-21 05:00:00,B,FIL-039,213,10.9,91.2
2025-01-21 06:00:00,A,ESP-023,695,6.6,90.1
2025-01-21 07:00:00,A,ESP-023,292,10.0,99.4
2025-01-21 08:00:00,B,REL-020,260,5.1,86.7
2025-01-21 09:00:00,A,ESP-038,537,9.5,97.8
2025-01-21 10:00:00,C,MOL-011,271,7.9,94.4
2025-01-21 11:00:00,A,FIL-049,591,4.1,98.6
2025-01-21 12:00:00,A,FIL-009,526,6.2,98.2
2025-01-21 13:00:00,C,FIL-024,589,11.6,99.8
2025-01-21 14:00:00,B,MOL-016,494,6.5,82.6
2025-01-21 15:00:00,A,ESP-033,667,5.5,95.9
2025-01-21 16:00:00,C,REL-035,586,5.5,96.1
2025-01-21 17:00:00,A,MOL-046,449,7.8,92.9
2025-01-21 18:00:00,C,REL-040,209,10.7,85.6
2025-01-21 19:00:00,C,ESP-013,364,10.1,99.3
2025-01-21 20:00:00,C,MOL-011,278,7.5,84.1
2025-01-21 21:00:00,C,REL-045,209,5.7,90.0
2025-01-21 22:00:00,A,REL-025,363,4.4,90.4
2025-01-21 23:00:00,C,REL-005,323,7.7,83.2
2025-01-22 00:00:00,A,FLO-042,246,10.5,94.5
2025-01-22 01:00:00,B,ESP-033,387,9.8,81.8
2025-01-22 02:00:00,A,FLO-002,503,7.3,93.9
2025-01-22 03:00:00,B,REL-040,306,8.8,97.0
2025-01-22 04:00:00,C,MOL-031,363,7.5,87.0
2025-01-22 05:00:00,B,MOL-031,212,8.6,94.2
2025-01-22 06:00:00,A,FIL-044,230,8.1,83.1
2025-01-22 07:00:00,A,REL-025,294,9.4,96.9
2025-01-22 08:00:00,C,FIL-024,471,8.1,99.0
2025-01-22 09:00:00,B,MOL-031,599,11.5,83.1
2025-01-22 10:00:00,B,REL-010,673,7.4,93.8
2025-01-22 11:00:00,B,ESP-008,577,4.1,90.1
2025-01-22 12:00:00,A,ESP-043,570,5.9,90.6
2025-01-22 13:00:00,B,MOL-011,761,8.0,94.1
2025-01-22 14:00:00,B,MOL-026,353,8.3,89.8
2025-01-22 15:00:00,C,FIL-014,678,8.4,92.0
2025-01-22 16:00:00,B,FLO-012,762,9.7,84.6
2025-01-22 17:00:00,C,REL-030,540,6.2,87.6
2025-01-22 18:00:00,C,MOL-041,704,9.3,97.3
2025-01-22 19:00:00,A,ESP-023,282,9.6,82.2
2025-01-22 20:00:00,B,FLO-007,727,7.3,92.0
2025-01-22 21:00:00,B,ESP-013,538,7.2,83.7
2025-01-22 22:00:00,A,FIL-009,332,5.4,96.9
2025-01-22 23:00:00,A,REL-045,236,7.3,91.6
2025-01-23 00:00:00,C,MOL-016,631,10.3,88.1
2025-01-23 01:00:00,B,FIL-019,458,11.3,85.0
2025-01-23 02:00:00,A,mol-004,386,8.7,88.7
2025-01-23 03:00:00,A,ESP-023,434,6.4,99.2
2025-01-23 04:00:00,A,MOL-046,794,9.5,90.2
2025-01-23 05:00:00,A,MOL-021,456,9.9,89.4
2025-01-23 06:00:00,A,ESP-033,247,6.7,94.9
2025-01-23 07:00:00,C,REL-010,367,10.6,87.6
2025-01-23 08:00:00,C,ESP-008,287,4.6,88.5
2025-01-23 09:00:00,B,FLO-037,611,4.1,86.7
2025-01-23 10:00:00,B,mol-004,680,5.0,83.0
2025-01-23 11:00:00,C,ESP-023,704,5.2,94.3
2025-01-23 12:00:00,C,MOL-016,579,11.0,97.5
2025-01-23 13:00:00,A,MOL-001,661,7.4,98.1
2025-01-23 14:00:00,C,FLO-027,450,6.2,97.6
2025-01-23 15:00:00,A,FIL-049,576,7.4,89.0
2025-01-23 16:00:00,A,mol-004,264,7.2,85.7
2025-01-23 17:00:00,B,MOL-041,523,6.4,92.8
2025-01-23 18:00:00,C,FLO-027,534,5.1,99.1
2025-01-23 19:00:00,A,FLO-037,218,9.2,94.5
2025-01-23 20:00:00,A,REL-005,528,5.1,89.9
2025-01-23 21:00:00,A,FIL-044,633,10.2,93.8
2025-01-23 22:00:00,B,MOL-001,420,5.6,95.5
2025-01-23 23:00:00,C,MOL-046,526,9.9,98.4
2025-01-24 00:00:00,A,ESP-033,371,10.4,95.3
2025-01-24 01:00:00,A,FLO-017,362,5.0,88.7
2025-01-24 02:00:00,A,MOL-001,277,4.7,85.5
2025-01-24 03:00:00,A,MOL-031,396,11.6,90.0
2025-01-24 04:00:00,A,REL-005,681,7.7,86.6
2025-01-24 05:00:00,B,MOL-031,761,9.0,98.9
2025-01-24 06:00:00,B,FIL-039,581,4.2,90.2
2025-01-24 07:00:00,B,FIL-014,574,6.2,89.4
2025-01-24 08:00:00,C,FLO-012,568,8.0,87.0
2025-01-24 09:00:00,B,FLO-012,485,11.1,92.8
2025-01-24 10:00:00,A,FLO-012,453,6.2,90.4
2025-01-24 11:00:00,B,MOL-006,572,10.2,82.6
2025-01-24 12:00:00,A,ESP-013,670,9.3,97.4
2025-01-24 13:00:00,C,ESP-033,448,4.9,87.2
2025-01-24 14:00:00,A,MOL-016,539,6.3,88.7
2025-01-24 15:00:00,A,REL-040,482,5.9,84.1
2025-01-24 16:00:00,C,MOL-041,371,7.5,91.1
2025-01-24 17:00:00,B,FIL-039,374,9.1,94.0
2025-01-24 18:00:00,A,FLO-027,247,7.5,97.6
2025-01-24 19:00:00,C,MOL-016,463,6.0,81.0
2025-01-24 20:00:00,A,FLO-047,627,9.6,99.5
2025-01-24 21:00:00,C,MOL-011,611,8.7,94.1
2025-01-24 22:00:00,C,FIL-024,791,8.2,85.7
2025-01-24 23:00:00,B,ESP-023,223,8.4,84.1
2025-01-25 00:00:00,B,ESP-038,656,5.8,85.9
2025-01-25 01:00:00,B,ESP-028,677,9.4,97.5
2025-01-25 02:00:00,B,REL-040,461,7.1,85.8
2025-01-25 03:00:00,A,MOL-046,369,6.9,89.3
2025-01-25 04:00:00,A,REL-020,414,5.2,94.1
2025-01-25 05:00:00,A,FIL-044,609,8.8,97.4
2025-01-25 06:00:00,C,FIL-009,717,8.8,93.2
2025-01-25 07:00:00,A,MOL-046,585,6.7,95.1
2025-01-25 08:00:00,B,FIL-009,508,10.9,83.5
2025-01-25 09:00:00,C,ESP-043,591,10.8,97.5
2025-01-25 10:00:00,C,REL-020,242,4.9,85.5
2025-01-25 11:00:00,A,FIL-049,564,9.6,82.6
2025-01-25 12:00:00,A,FLO-007,225,7.2,99.5
2025-01-25 13:00:00,C,FIL-024,775,12.0,84.0
2025-01-25 14:00:00,A,MOL-046,733,5.8,82.7
2025-01-25 15:00:00,A,ESP-003,505,6.2,92.5
2025-01-25 16:00:00,C,FIL-014,424,7.5,86.4
2025-01-25 17:00:00,C,REL-005,639,6.1,82.7
2025-01-25 18:00:00,C,FLO-017,582,9.5,92.0
2025-01-25 19:00:00,C,REL-020,623,7.8,95.2
2025-01-25 20:00:00,A,MOL-031,509,5.8,95.9
2025-01-25 21:00:00,A,ESP-013,341,8.1,83.1
2025-01-25 22:00:00,A,ESP-008,243,11.1,91.1
2025-01-25 23:00:00,A,FIL-009,369,10.3,96.3
2025-01-26 00:00:00,C,FLO-047,517,8.0,83.2
2025-01-26 01:00:00,A,ESP-048,454,6.3,84.2
2025-01-26 02:00:00,B,FLO-012,503,5.4,80.0
2025-01-26 03:00:00,C,REL-010,366,11.0,90.5
2025-01-26 04:00:00,C,ESP-003,762,9.7,83.9
2025-01-26 05:00:00,A,ESP-048,420,8.6,94.5
2025-01-26 06:00:00,B,MOL-036,707,11.0,99.2
2025-01-26 07:00:00,B,FIL-039,434,5.0,84.2
2025-01-26 08:00:00,C,REL-015,466,9.5,93.0
2025-01-26 09:00:00,B,ESP-033,562,5.7,84.2
2025-01-26 10:00:00,A,ESP-003,357,5.0,80.4
2025-01-26 11:00:00,C,FIL-034,331,7.7,95.2
2025-01-26 12:00:00,C,FIL-029,427,7.1,88.7
2025-01-26 13:00:00,B,FLO-017,682,11.5,98.9
2025-01-26 14:00:00,A,MOL-036,286,6.6,90.7
2025-01-26 15:00:00,B,ESP-033,462,10.5,83.1
2025-01-26 16:00:00,C,FLO-022,603,10.0,89.0
2025-01-26 17:00:00,C,REL-010,623,9.3,84.1
2025-01-26 18:00:00,B,FLO-002,460,11.4,97.6
2025-01-26 19:00:00,A,FLO-047,248,7.3,93.8
2025-01-26 20:00:00,B,REL-015,209,7.1,86.8
2025-01-26 21:00:00,C,MOL-016,481,5.3,90.6
2025-01-26 22:00:00,C,REL-035,686,6.2,93.4
2025-01-26 23:00:00,A,ESP-013,216,11.0,95.7
2025-01-27 00:00:00,A,FIL-019,732,7.8,81.6
2025-01-27 01:00:00,B,MOL-036,605,6.7,80.5
2025-01-27 02:00:00,A,REL-030,204,5.7,82.3
2025-01-27 03:00:00,C,ESP-033,406,7.9,87.9
2025-01-27 04:00:00,A,MOL-001,332,9.7,89.3
2025-01-27 05:00:00,B,ESP-023,769,6.3,82.7
2025-01-27 06:00:00,C,FIL-024,532,10.1,88.2
2025-01-27 07:00:00,C,FLO-032,394,9.0,88.8
2025-01-27 08:00:00,C,ESP-008,366,10.3,82.2
2025-01-27 09:00:00,A,ESP-008,538,6.0,98.3
2025-01-27 10:00:00,C,FIL-039,203,9.0,92.0
2025-01-27 11:00:00,B,FIL-034,354,5.2,87.8
2025-01-27 12:00:00,A,MOL-041,299,6.9,90.1
2025-01-27 13:00:00,B,FIL-014,572,9.8,86.3
2025-01-27 14:00:00,B,REL-050,601,9.1,97.1
2025-01-27 15:00:00,B,FIL-014,480,5.5,91.5
2025-01-27 16:00:00,A,ESP-033,284,10.9,89.9
2025-01-27 17:00:00,B,FIL-009,422,4.4,98.2
2025-01-27 18:00:00,B,MOL-046,705,8.8,96.8
2025-01-27 19:00:00,A,FLO-017,322,11.9,96.3
2025-01-27 20:00:00,C,MOL-041,298,8.3,84.5
2025-01-27 21:00:00,A,FLO-017,266,10.4,83.1
2025-01-27 22:00:00,C,REL-040,690,8.8,93.8
2025-01-27 23:00:00,A,ESP-023,271,10.3,89.4
2025-01-28 00:00:00,C,mol-004,548,9.2,93.7
2025-01-28 01:00:00,B,REL-010,799,9.5,95.2
2025-01-28 02:00:00,A,REL-035,585,5.8,85.9
2025-01-28 03:00:00,A,REL-010,447,9.9,85.7
2025-01-28 04:00:00,C,FIL-014,324,5.9,89.8
2025-01-28 05:00:00,C,ESP-028,201,11.8,85.5
2025-01-28 06:00:00,A,ESP-013,293,5.8,93.3
2025-01-28 07:00:00,B,FLO-007,771,5.9,94.9
2025-01-28 08:00:00,B,FLO-032,286,10.9,89.4
2025-01-28 09:00:00,A,REL-035,211,5.9,94.5
2025-01-28 10:00:00,B,FLO-037,689,6.9,90.2
2025-01-28 11:00:00,C,ESP-048,451,9.7,94.3
2025-01-28 12:00:00,C,FLO-007,414,5.3,84.5
2025-01-28 13:00:00,C,FLO-022,630,5.3,94.8
2025-01-28 14:00:00,A,FLO-012,513,7.9,94.3
2025-01-28 15:00:00,A,MOL-046,748,5.9,85.3
2025-01-28 16:00:00,B,FLO-027,480,5.9,91.1
2025-01-28 17:00:00,A,REL-005,627,4.1,97.1
2025-01-28 18:00:00,B,REL-035,727,7.0,85.0
2025-01-28 19:00:00,A,ESP-003,478,6.5,94.7
2025-01-28 20:00:00,A,FIL-014,370,4.2,99.1
2025-01-28 21:00:00,A,FLO-037,784,9.0,97.3
2025-01-28 22:00:00,A,MOL-026,336,9.0,88.0
2025-01-28 23:00:00,C,FIL-039,223,4.6,92.1
2025-01-29 00:00:00,A,FIL-029,546,6.5,99.8
2025-01-29 01:00:00,C,ESP-043,792,11.0,91.4
2025-01-29 02:00:00,A,FIL-029,251,8.7,82.3
2025-01-29 03:00:00,A,ESP-003,709,7.3,80.9
2025-01-29 04:00:00,B,mol-004,698,7.7,95.8
2025-01-29 05:00:00,C,FIL-039,757,5.7,88.5
2025-01-29 06:00:00,A,FLO-002,452,10.5,84.9
2025-01-29 07:00:00,A,FIL-019,352,11.3,87.0
2025-01-29 08:00:00,C,MOL-001,507,11.3,95.1
2025-01-29 09:00:00,B,MOL-016,285,5.8,89.3
2025-01-29 10:00:00,B,REL-030,705,6.5,97.4
2025-01-29 11:00:00,C,FIL-009,597,5.3,94.7
2025-01-29 12:00:00,C,FIL-024,489,6.5,99.5
2025-01-29 13:00:00,B,REL-050,509,6.7,97.8
2025-01-29 14:00:00,B,mol-004,627,9.1,85.1
2025-01-29 15:00:00,A,mol-004,513,5.5,93.2
2025-01-29 16:00:00,A,FIL-014,703,11.4,80.4
2025-01-29 17:00:00,B,FLO-042,754,4.8,99.8
2025-01-29 18:00:00,A,MOL-021,769,4.1,85.2
2025-01-29 19:00:00,C,FLO-032,572,10.8,93.3
2025-01-29 20:00:00,C,FLO-002,645,9.6,97.0
2025-01-29 21:00:00,A,FLO-037,386,6.8,83.2
2025-01-29 22:00:00,B,mol-004,222,8.8,97.0
2025-01-29 23:00:00,A,MOL-036,440,5.8,80.2
2025-01-30 00:00:00,B,ESP-008,723,5.3,88.8
2025-01-30 01:00:00,A,ESP-043,280,7.8,89.4
2025-01-30 02:00:00,B,REL-015,527,6.8,87.5
2025-01-30 03:00:00,B,REL-010,315,8.9,91.7
2025-01-30 04:00:00,B,FLO-017,457,5.7,98.3
2025-01-30 05:00:00,B,MOL-001,286,9.3,86.5
2025-01-30 06:00:00,A,FIL-009,640,10.1,91.6
2025-01-30 07:00:00,C,REL-030,686,5.3,97.5
2025-01-30 08:00:00,C,MOL-016,655,4.4,95.5
2025-01-30 09:00:00,C,ESP-018,622,7.5,80.8
2025-01-30 10:00:00,B,MOL-041,341,10.2,98.9
2025-01-30 11:00:00,C,FLO-007,518,9.2,80.9
2025-01-30 12:00:00,B,REL-020,262,9.6,91.8
2025-01-30 13:00:00,C,REL-010,424,7.2,91.5
2025-01-30 14:00:00,A,REL-025,503,5.9,95.7
2025-01-30 15:00:00,A,FLO-017,601,8.3,83.0
2025-01-30 16:00:00,B,ESP-003,258,5.6,83.6
2025-01-30 17:00:00,B,mol-004,687,9.8,95.0
2025-01-30 18:00:00,C,ESP-043,475,5.6,83.0
2025-01-30 19:00:00,A,ESP-003,728,6.3,89.4
2025-01-30 20:00:00,C,REL-040,516,8.1,94.6
2025-01-30 21:00:00,A,MOL-046,528,7.9,93.0
2025-01-30 22:00:00,B,FIL-024,615,8.8,84.2
2025-01-30 23:00:00,C,MOL-016,691,7.5,86.1
2025-01-31 00:00:00,B,FIL-039,294,11.4,99.4
2025-01-31 01:00:00,C,REL-050,506,10.7,89.0
2025-01-31 02:00:00,C,FLO-007,217,11.0,80.9
2025-01-31 03:00:00,C,FIL-049,484,9.0,84.4
2025-01-31 04:00:00,B,ESP-048,688,9.1,86.8
2025-01-31 05:00:00,B,ESP-008,719,8.9,100.0
2025-01-31 06:00:00,A,ESP-003,370,7.5,86.1
2025-01-31 07:00:00,B,MOL-036,431,6.6,80.5
2025-01-31 08:00:00,C,mol-004,530,8.7,90.3
2025-01-31 09:00:00,B,MOL-031,437,4.2,81.7
2025-01-31 10:00:00,B,mol-004,306,4.1,85.5
2025-01-31 11:00:00,A,REL-035,382,10.8,99.8
2025-01-31 12:00:00,B,FLO-012,442,4.4,94.1
2025-01-31 13:00:00,A,REL-005,511,8.2,81.0
2025-01-31 14:00:00,C,mol-004,752,8.9,89.0
2025-01-31 15:00:00,B,REL-010,526,5.6,83.4
2025-01-31 16:00:00,A,ESP-028,432,11.2,82.5
2025-01-31 17:00:00,A,mol-004,596,5.5,91.7
2025-01-31 18:00:00,C,MOL-041,663,11.1,90.1
2025-01-31 19:00:00,C,MOL-031,458,10.1,94.9
2025-01-31 20:00:00,C,REL-015,493,5.9,97.8
2025-01-31 21:00:00,A,REL-050,330,5.2,84.9
2025-01-31 22:00:00,A,ESP-033,718,6.5,98.5
2025-01-31 23:00:00,A,FIL-034,720,7.2,90.4
2025-02-01 00:00:00,C,FIL-009,304,6.0,85.2
2025-02-01 01:00:00,C,MOL-036,407,12.0,96.9
2025-02-01 02:00:00,C,ESP-028,363,5.8,80.7
2025-02-01 03:00:00,A,REL-050,753,10.6,91.2
2025-02-01 04:00:00,A,FIL-024,239,5.3,94.4
2025-02-01 05:00:00,C,FIL-034,324,11.8,85.6
2025-02-01 06:00:00,C,ESP-018,388,5.8,97.3
2025-02-01 07:00:00,C,ESP-003,536,7.4,84.8
2025-02-01 08:00:00,A,FLO-007,349,8.5,96.8
2025-02-01 09:00:00,A,FIL-044,521,5.0,81.6
2025-02-01 10:00:00,A,FLO-037,648,10.5,83.2
2025-02-01 11:00:00,C,FIL-019,697,6.2,87.6
2025-02-01 12:00:00,C,REL-035,259,8.4,97.1
2025-02-01 13:00:00,B,MOL-001,283,8.4,82.9
2025-02-01 14:00:00,A,FLO-002,257,8.8,97.5
2025-02-01 15:00:00,C,MOL-026,745,4.4,84.6
2025-02-01 16:00:00,A,FLO-032,591,5.3,89.1
2025-02-01 17:00:00,C,FLO-047,518,5.3,87.1
2025-02-01 18:00:00,C,ESP-038,674,6.4,82.4
2025-02-01 19:00:00,C,ESP-013,551,5.2,98.9
2025-02-01 20:00:00,C,MOL-041,341,11.4,88.8
2025-02-01 21:00:00,B,REL-025,506,8.1,93.8
2025-02-01 22:00:00,B,FLO-042,621,9.0,91.5
2025-02-01 23:00:00,A,FIL-009,221,6.9,90.0
2025-02-02 00:00:00,C,FLO-002,563,6.2,92.3
2025-02-02 01:00:00,C,ESP-003,498,8.0,98.0
2025-02-02 02:00:00,A,REL-050,241,6.4,94.0
2025-02-02 03:00:00,C,REL-005,358,6.7,90.6
2025-02-02 04:00:00,A,FLO-047,469,7.6,92.9
2025-02-02 05:00:00,B,FLO-037,405,8.0,92.1
2025-02-02 06:00:00,A,ESP-008,374,11.9,88.7
2025-02-02 07:00:00,B,FIL-044,589,5.8,92.5
2025-02-02 08:00:00,B,ESP-008,442,7.9,88.9
2025-02-02 09:00:00,B,ESP-008,498,5.2,95.2
2025-02-02 10:00:00,C,FIL-029,678,6.8,99.4
2025-02-02 11:00:00,C,REL-015,255,9.7,99.2
2025-02-02 12:00:00,B,REL-015,415,5.4,96.4
2025-02-02 13:00:00,C,REL-010,243,8.7,92.0
2025-02-02 14:00:00,B,MOL-031,756,7.3,95.0
2025-02-02 15:00:00,A,FLO-002,311,4.4,83.6
2025-02-02 16:00:00,A,ESP-013,691,11.5,89.6
2025-02-02 17:00:00,A,ESP-028,314,7.3,85.1
2025-02-02 18:00:00,C,REL-025,394,10.3,80.1
2025-02-02 19:00:00,B,REL-035,564,7.3,99.3
2025-02-02 20:00:00,B,MOL-011,698,11.5,97.3
2025-02-02 21:00:00,B,ESP-033,306,6.3,90.3
2025-02-02 22:00:00,C,ESP-038,327,7.3,85.1
2025-02-02 23:00:00,B,REL-020,729,10.1,93.9
2025-02-03 00:00:00,A,ESP-013,393,6.7,88.7
2025-02-03 01:00:00,A,ESP-028,325,6.9,96.1
2025-02-03 02:00:00,B,FIL-029,646,12.0,100.0
2025-02-03 03:00:00,B,REL-005,254,8.4,87.0
2025-02-03 04:00:00,C,FIL-029,720,9.5,84.9
2025-02-03 05:00:00,B,ESP-008,725,9.1,85.3
2025-02-03 06:00:00,C,FIL-029,713,10.6,81.9
2025-02-03 07:00:00,B,FLO-047,377,10.9,87.9
2025-02-03 08:00:00,B,FLO-027,268,8.5,80.3
2025-02-03 09:00:00,B,FIL-039,455,6.4,82.3
2025-02-03 10:00:00,B,MOL-016,400,4.2,85.4
2025-02-03 11:00:00,C,FLO-047,775,8.9,83.2
2025-02-03 12:00:00,A,MOL-041,579,10.6,94.6
2025-02-03 13:00:00,B,MOL-046,766,7.6,82.1
2025-02-03 14:00:00,A,ESP-038,650,5.3,97.3
2025-02-03 15:00:00,C,ESP-033,628,6.3,84.4
2025-02-03 16:00:00,C,FLO-027,267,8.1,82.2
2025-02-03 17:00:00,B,FLO-047,241,10.7,80.2
2025-02-03 18:00:00,C,ESP-043,227,5.4,94.3
2025-02-03 19:00:00,B,MOL-021,556,8.9,85.1
2025-02-03 20:00:00,A,REL-005,321,10.0,90.2
2025-02-03 21:00:00,B,MOL-001,793,11.5,82.2
2025-02-03 22:00:00,C,FLO-012,279,4.9,99.7
2025-02-03 23:00:00,A,mol-004,768,11.4,82.5
2025-02-04 00:00:00,A,MOL-011,600,8.8,88.2
2025-02-04 01:00:00,A,MOL-006,263,10.1,97.0
2025-02-04 02:00:00,C,REL-050,235,4.4,84.9
2025-02-04 03:00:00,B,REL-005,437,8.0,85.3
2025-02-04 04:00:00,C,FLO-032,403,9.0,96.2
2025-02-04 05:00:00,C,ESP-018,389,6.5,85.5
2025-02-04 06:00:00,B,FIL-009,517,7.5,80.1
2025-02-04 07:00:00,C,MOL-036,277,8.4,88.6
2025-02-04 08:00:00,A,FIL-049,277,8.4,80.3
2025-02-04 09:00:00,A,REL-040,616,4.3,98.2
2025-02-04 10:00:00,B,FIL-049,794,7.5,92.8
2025-02-04 11:00:00,B,REL-030,364,5.7,91.7
2025-02-04 12:00:00,A,FIL-034,759,11.3,84.0
2025-02-04 13:00:00,A,ESP-008,406,11.8,94.0
2025-02-04 14:00:00,A,ESP-043,401,6.4,93.5
2025-02-04 15:00:00,C,ESP-038,254,5.4,81.2
2025-02-04 16:00:00,C,ESP-013,453,5.8,97.6
2025-02-04 17:00:00,C,ESP-018,498,7.8,91.6
2025-02-04 18:00:00,B,MOL-031,598,11.0,95.8
2025-02-04 19:00:00,B,MOL-001,294,8.0,85.3
2025-02-04 20:00:00,C,MOL-041,313,4.4,82.4
2025-02-04 21:00:00,B,REL-015,459,4.3,94.0
2025-02-04 22:00:00,A,mol-004,241,5.8,95.9
2025-02-04 23:00:00,B,FLO-017,286,10.7,87.7
2025-02-05 00:00:00,C,FLO-042,577,9.0,80.5
2025-02-05 01:00:00,B,FIL-014,772,8.5,96.4
2025-02-05 02:00:00,C,FLO-027,543,6.6,84.1
2025-02-05 03:00:00,C,MOL-041,286,11.4,86.8
2025-02-05 04:00:00,A,FLO-002,794,6.6,92.6
2025-02-05 05:00:00,C,ESP-038,513,10.7,82.0
2025-02-05 06:00:00,B,REL-015,630,11.2,81.4
2025-02-05 07:00:00,B,REL-035,318,7.9,80.5
2025-02-05 08:00:00,A,REL-010,547,11.2,98.3
2025-02-05 09:00:00,B,FLO-007,245,6.2,86.2
2025-02-05 10:00:00,A,REL-040,575,9.3,93.2
2025-02-05 11:00:00,A,MOL-041,321,4.7,99.8
2025-02-05 12:00:00,C,REL-050,745,7.8,93.4
2025-02-05 13:00:00,A,FIL-034,232,5.7,90.5
2025-02-05 14:00:00,B,FIL-024,591,4.5,90.4
2025-02-05 15:00:00,A,REL-010,283,4.0,87.5
2025-02-05 16:00:00,A,REL-015,612,6.6,92.0
2025-02-05 17:00:00,B,ESP-033,496,8.7,99.2
2025-02-05 18:00:00,C,ESP-018,780,7.6,95.8
2025-02-05 19:00:00,C,REL-025,591,6.4,88.5
2025-02-05 20:00:00,B,FIL-009,423,11.9,86.6
2025-02-05 21:00:00,B,FLO-022,252,11.5,97.7
2025-02-05 22:00:00,C,FLO-012,557,5.0,82.7
2025-02-05 23:00:00,A,MOL-006,464,7.3,97.0
2025-02-06 00:00:00,C,FLO-007,231,9.2,85.1
2025-02-06 01:00:00,A,MOL-026,548,9.9,94.3
2025-02-06 02:00:00,A,FIL-019,325,6.9,96.1
2025-02-06 03:00:00,B,REL-005,340,10.0,89.5
2025-02-06 04:00:00,A,MOL-026,205,5.0,83.8
2025-02-06 05:00:00,C,FIL-009,423,6.7,96.9
2025-02-06 06:00:00,C,MOL-001,330,9.7,87.4
2025-02-06 07:00:00,B,FLO-007,243,9.0,86.4
2025-02-06 08:00:00,C,ESP-023,460,10.7,90.2
2025-02-06 09:00:00,C,ESP-048,332,4.4,88.7
2025-02-06 10:00:00,C,ESP-013,280,5.4,93.7
2025-02-06 11:00:00,C,REL-015,480,4.4,82.7
2025-02-06 12:00:00,B,ESP-013,237,5.5,88.7
2025-02-06 13:00:00,A,ESP-018,794,4.0,97.8
2025-02-06 14:00:00,C,MOL-036,482,8.0,80.7
2025-02-06 15:00:00,B,FLO-017,797,8.2,89.1
2025-02-06 16:00:00,C,ESP-033,728,9.3,93.2
2025-02-06 17:00:00,C,REL-045,787,7.1,97.8
2025-02-06 18:00:00,A,ESP-048,525,4.0,91.9
2025-02-06 19:00:00,B,FIL-029,453,9.4,96.5
2025-02-06 20:00:00,A,MOL-036,631,4.4,84.5
2025-02-06 21:00:00,A,MOL-046,248,10.9,87.1
2025-02-06 22:00:00,C,REL-040,704,4.2,98.8
2025-02-06 23:00:00,C,REL-015,394,8.2,97.7
2025-02-07 00:00:00,C,FLO-007,204,11.2,91.2
2025-02-07 01:00:00,C,MOL-006,342,8.6,89.5
2025-02-07 02:00:00,B,REL-045,345,8.9,89.0
2025-02-07 03:00:00,B,ESP-028,208,9.5,81.2
2025-02-07 04:00:00,C,REL-015,601,5.0,97.8
2025-02-07 05:00:00,B,ESP-018,257,9.4,96.4
2025-02-07 06:00:00,B,REL-015,708,11.0,89.1
2025-02-07 07:00:00,A,MOL-041,471,11.8,85.6
2025-02-07 08:00:00,C,MOL-031,630,7.5,86.9
2025-02-07 09:00:00,C,FIL-044,403,6.8,82.5
2025-02-07 10:00:00,C,MOL-016,279,10.0,94.4
2025-02-07 11:00:00,B,FIL-024,308,8.3,91.1
2025-02-07 12:00:00,A,FLO-007,587,6.1,84.7
2025-02-07 13:00:00,A,FIL-049,629,5.4,92.5
2025-02-07 14:00:00,B,MOL-026,360,5.4,99.6
2025-02-07 15:00:00,C,ESP-028,414,7.7,82.4
2025-02-07 16:00:00,C,MOL-021,767,5.4,89.2
2025-02-07 17:00:00,C,FIL-014,711,4.2,89.9
2025-02-07 18:00:00,B,ESP-048,447,4.4,83.3
2025-02-07 19:00:00,C,REL-025,344,11.4,90.6
2025-02-07 20:00:00,C,FIL-034,380,4.6,92.1
2025-02-07 21:00:00,A,FLO-002,523,4.6,83.1
2025-02-07 22:00:00,C,FIL-014,540,7.6,83.1
2025-02-07 23:00:00,A,MOL-041,310,6.0,97.1
2025-02-08 00:00:00,B,REL-005,239,11.7,86.2
2025-02-08 01:00:00,C,MOL-006,497,11.3,92.6
2025-02-08 02:00:00,B,MOL-041,678,7.2,92.5
2025-02-08 03:00:00,C,MOL-016,291,7.6,96.8
2025-02-08 04:00:00,A,FIL-014,445,7.0,94.8
2025-02-08 05:00:00,B,FIL-029,296,4.3,96.8
2025-02-08 06:00:00,C,REL-010,345,6.3,92.5
2025-02-08 07:00:00,B,ESP-003,567,5.0,89.0
2025-02-08 08:00:00,C,MOL-001,371,4.8,87.9
2025-02-08 09:00:00,B,mol-004,358,8.5,87.6
2025-02-08 10:00:00,C,ESP-008,797,4.8,88.4
2025-02-08 11:00:00,B,REL-035,303,4.8,82.6
2025-02-08 12:00:00,C,REL-015,313,7.8,88.5
2025-02-08 13:00:00,A,mol-004,757,7.5,87.8
2025-02-08 14:00:00,A,MOL-001,530,5.1,80.7
2025-02-08 15:00:00,A,FIL-024,225,4.0,85.5
2025-02-08 16:00:00,C,ESP-043,454,5.5,95.0
2025-02-08 17:00:00,A,FLO-017,539,5.9,91.6
2025-02-08 18:00:00,A,mol-004,351,10.4,96.1
2025-02-08 19:00:00,C,FLO-012,528,11.3,90.9
2025-02-08 20:00:00,B,REL-025,589,7.2,97.1
2025-02-08 21:00:00,A,REL-010,350,7.2,95.9
2025-02-08 22:00:00,A,FIL-049,687,9.7,82.0
2025-02-08 23:00:00,A,FIL-039,471,9.0,99.5
2025-02-09 00:00:00,C,ESP-018,778,5.5,80.3
2025-02-09 01:00:00,B,ESP-048,252,4.9,91.9
2025-02-09 02:00:00,C,FLO-017,394,7.5,95.9
2025-02-09 03:00:00,A,ESP-008,632,8.5,86.6
2025-02-09 04:00:00,B,FLO-047,736,5.1,92.0
2025-02-09 05:00:00,A,ESP-048,333,6.3,87.2
2025-02-09 06:00:00,B,MOL-016,788,6.4,81.2
2025-02-09 07:00:00,B,REL-030,316,6.1,80.2
2025-02-09 08:00:00,C,FIL-009,449,7.7,81.9
2025-02-09 09:00:00,B,ESP-033,388,9.2,82.0
2025-02-09 10:00:00,C,REL-035,454,8.1,92.2
2025-02-09 11:00:00,B,MOL-036,741,5.6,90.5
2025-02-09 12:00:00,A,FIL-029,639,4.8,89.1
2025-02-09 13:00:00,C,MOL-036,677,10.6,93.8
2025-02-09 14:00:00,B,ESP-028,352,7.8,80.3
2025-02-09 15:00:00,A,MOL-041,768,4.5,85.4
2025-02-09 16:00:00,C,FIL-009,461,6.1,95.5
2025-02-09 17:00:00,C,REL-025,591,10.4,98.2
2025-02-09 18:00:00,A,MOL-021,618,10.0,88.8
2025-02-09 19:00:00,C,FLO-027,597,11.0,81.6
2025-02-09 20:00:00,C,ESP-008,561,8.8,96.0
2025-02-09 21:00:00,C,FLO-017,488,7.4,97.7
2025-02-09 22:00:00,A,ESP-048,588,7.4,88.3
2025-02-09 23:00:00,B,MOL-006,743,5.6,84.9
2025-02-10 00:00:00,B,FLO-032,433,9.2,80.9
2025-02-10 01:00:00,B,FIL-034,506,8.7,91.8
2025-02-10 02:00:00,B,FIL-024,308,5.2,98.2
2025-02-10 03:00:00,B,FLO-002,413,11.1,93.6
2025-02-10 04:00:00,B,FLO-002,663,6.9,86.3
2025-02-10 05:00:00,C,FIL-014,584,4.4,92.9
2025-02-10 06:00:00,B,MOL-006,326,6.6,96.6
2025-02-10 07:00:00,A,REL-005,527,11.0,89.5
2025-02-10 08:00:00,A,FIL-009,687,11.3,96.4
2025-02-10 09:00:00,C,REL-010,274,7.9,87.8
2025-02-10 10:00:00,C,FLO-042,237,11.7,87.0
2025-02-10 11:00:00,B,FLO-032,435,11.0,91.7
2025-02-10 12:00:00,A,FLO-002,593,10.6,89.3
2025-02-10 13:00:00,C,FLO-032,387,10.9,99.5
2025-02-10 14:00:00,A,FLO-007,692,7.1,90.3
2025-02-10 15:00:00,B,FLO-022,708,10.1,87.7
2025-02-10 16:00:00,A,FLO-002,519,8.6,87.9
2025-02-10 17:00:00,A,REL-005,427,9.8,91.0
2025-02-10 18:00:00,C,FLO-007,225,5.4,87.1
2025-02-10 19:00:00,B,FLO-022,692,9.9,94.5
2025-02-10 20:00:00,A,FIL-024,737,11.7,87.6
2025-02-10 21:00:00,B,ESP-018,465,6.4,87.7
2025-02-10 22:00:00,A,FLO-032,509,11.9,92.3
2025-02-10 23:00:00,B,FLO-037,652,7.0,81.2
2025-02-11 00:00:00,B,FLO-037,617,5.6,93.1
2025-02-11 01:00:00,B,FIL-029,281,4.9,90.1
2025-02-11 02:00:00,C,ESP-028,603,10.3,89.1
2025-02-11 03:00:00,A,REL-025,754,8.4,94.4
2025-02-11 04:00:00,A,FLO-012,650,6.5,95.2
2025-02-11 05:00:00,B,REL-025,488,8.9,96.9
2025-02-11 06:00:00,C,MOL-001,513,6.7,87.5
2025-02-11 07:00:00,B,FIL-049,355,7.6,86.5
2025-02-11 08:00:00,A,FIL-019,596,10.9,94.3
2025-02-11 09:00:00,C,ESP-038,344,9.3,91.6
2025-02-11 10:00:00,B,ESP-048,405,10.1,92.6
2025-02-11 11:00:00,A,REL-025,359,8.7,91.1
2025-02-11 12:00:00,B,FIL-044,401,11.9,95.5
2025-02-11 13:00:00,A,FIL-024,420,5.9,83.8
2025-02-11 14:00:00,C,FLO-007,249,6.1,91.1
2025-02-11 15:00:00,A,FLO-002,630,4.7,83.2
2025-02-11 16:00:00,B,FLO-007,464,8.4,88.1
2025-02-11 17:00:00,B,ESP-048,769,8.9,93.3
2025-02-11 18:00:00,A,FIL-024,308,9.8,89.9
2025-02-11 19:00:00,B,MOL-016,601,6.7,87.6
2025-02-11 20:00:00,A,ESP-023,307,4.1,97.7
2025-02-11 21:00:00,B,ESP-013,528,9.1,95.5
2025-02-11 22:00:00,C,FIL-044,494,12.0,90.5
2025-02-11 23:00:00,C,REL-050,469,6.4,99.0
2025-02-12 00:00:00,A,REL-005,592,5.5,88.5
2025-02-12 01:00:00,A,MOL-036,696,6.3,95.8
2025-02-12 02:00:00,B,FLO-017,390,7.4,83.4
2025-02-12 03:00:00,C,ESP-003,709,6.0,85.7
2025-02-12 04:00:00,C,FLO-047,310,6.8,86.8
2025-02-12 05:00:00,A,mol-004,375,9.1,82.1
2025-02-12 06:00:00,A,MOL-011,386,6.8,90.0
2025-02-12 07:00:00,A,FLO-002,772,7.2,83.8
2025-02-12 08:00:00,A,FIL-024,271,4.3,92.7
2025-02-12 09:00:00,B,REL-030,437,11.3,83.8
2025-02-12 10:00:00,C,FLO-017,454,7.3,82.5
2025-02-12 11:00:00,A,mol-004,680,6.6,99.4
2025-02-12 12:00:00,C,MOL-006,491,4.7,93.2
2025-02-12 13:00:00,B,FLO-047,780,9.1,98.7
2025-02-12 14:00:00,B,MOL-041,644,10.9,89.8
2025-02-12 15:00:00,C,FLO-047,622,4.3,80.7
2025-02-12 16:00:00,A,FLO-027,651,5.2,91.5
2025-02-12 17:00:00,C,ESP-028,296,5.2,91.2
2025-02-12 18:00:00,A,REL-040,469,8.8,80.3
2025-02-12 19:00:00,B,MOL-031,551,11.4,97.2
2025-02-12 20:00:00,C,FLO-022,325,7.5,92.4
2025-02-12 21:00:00,B,REL-015,271,6.8,94.9
2025-02-12 22:00:00,A,REL-025,281,10.1,89.9
2025-02-12 23:00:00,B,mol-004,673,9.9,92.4
2025-02-13 00:00:00,B,REL-010,594,6.0,85.1
2025-02-13 01:00:00,A,FLO-037,368,5.3,99.5
2025-02-13 02:00:00,C,FIL-044,642,6.9,88.0
2025-02-13 03:00:00,A,MOL-006,617,10.2,83.2
2025-02-13 04:00:00,B,REL-005,689,9.6,81.1
2025-02-13 05:00:00,B,REL-005,746,9.3,92.7
2025-02-13 06:00:00,A,REL-040,729,10.6,99.7
2025-02-13 07:00:00,C,MOL-016,308,6.2,97.9
2025-02-13 08:00:00,B,FLO-017,661,6.7,94.0
2025-02-13 09:00:00,A,MOL-001,435,4.3,99.8
2025-02-13 10:00:00,B,FIL-049,441,10.9,94.5
2025-02-13 11:00:00,B,FLO-022,588,8.7,86.8
2025-02-13 12:00:00,B,REL-040,561,6.4,92.0
2025-02-13 13:00:00,C,MOL-036,451,4.6,81.6
2025-02-13 14:00:00,B,ESP-008,799,9.8,84.4
2025-02-13 15:00:00,C,MOL-041,304,10.0,88.4
2025-02-13 16:00:00,B,ESP-028,258,9.3,84.0
2025-02-13 17:00:00,B,MOL-031,217,5.6,99.1
2025-02-13 18:00:00,A,MOL-011,688,11.3,99.9
2025-02-13 19:00:00,B,ESP-043,443,10.0,87.4
2025-02-13 20:00:00,A,FLO-047,462,9.3,94.2
2025-02-13 21:00:00,C,MOL-021,589,9.2,88.2
2025-02-13 22:00:00,C,REL-005,461,11.2,82.8
2025-02-13 23:00:00,C,ESP-043,544,11.4,86.7
2025-02-14 00:00:00,C,REL-045,235,8.8,84.7
2025-02-14 01:00:00,A,MOL-026,293,7.3,86.6
2025-02-14 02:00:00,A,FIL-029,759,6.9,84.3
2025-02-14 03:00:00,C,FLO-012,470,10.6,82.2
2025-02-14 04:00:00,B,mol-004,300,9.2,84.3
2025-02-14 05:00:00,A,ESP-048,421,4.6,98.1
2025-02-14 06:00:00,A,REL-025,400,5.1,81.7
2025-02-14 07:00:00,C,FIL-014,364,11.2,86.5
2025-02-14 08:00:00,B,REL-035,376,11.1,90.6
2025-02-14 09:00:00,A,FLO-002,637,11.6,87.1
2025-02-14 10:00:00,C,mol-004,264,7.4,90.4
2025-02-14 11:00:00,A,ESP-013,385,10.3,80.9
2025-02-14 12:00:00,B,ESP-023,480,10.6,93.0
2025-02-14 13:00:00,A,FIL-019,524,6.5,91.3
2025-02-14 14:00:00,B,REL-010,728,5.2,93.6
2025-02-14 15:00:00,B,ESP-018,753,12.0,91.3
2025-02-14 16:00:00,C,FLO-017,378,4.2,88.8
2025-02-14 17:00:00,B,FLO-027,523,8.8,87.0
2025-02-14 18:00:00,A,FIL-029,213,9.2,84.5
2025-02-14 19:00:00,A,REL-045,570,9.5,90.0
2025-02-14 20:00:00,A,MOL-041,291,6.0,80.5
2025-02-14 21:00:00,B,REL-015,243,9.8,86.6
2025-02-14 22:00:00,A,MOL-046,603,5.7,93.6
2025-02-14 23:00:00,B,FLO-027,306,10.6,82.2
2025-02-15 00:00:00,C,REL-010,486,5.8,81.3
2025-02-15 01:00:00,C,ESP-018,260,9.6,93.0
2025-02-15 02:00:00,B,ESP-038,647,10.3,88.0
2025-02-15 03:00:00,C,FLO-042,658,5.5,96.0
2025-02-15 04:00:00,C,FIL-019,544,5.9,98.7
2025-02-15 05:00:00,B,ESP-008,701,10.2,99.1
2025-02-15 06:00:00,C,REL-010,462,4.7,88.5
2025-02-15 07:00:00,A,MOL-006,311,5.5,85.3
2025-02-15 08:00:00,C,REL-035,290,7.6,92.2
2025-02-15 09:00:00,A,MOL-026,331,11.4,92.6
2025-02-15 10:00:00,C,ESP-023,320,8.5,92.4
2025-02-15 11:00:00,C,FIL-034,393,7.1,86.4
2025-02-15 12:00:00,B,FLO-042,328,11.8,81.3
2025-02-15 13:00:00,A,REL-040,554,7.7,84.2
2025-02-15 14:00:00,B,FLO-007,289,7.5,83.1
2025-02-15 15:00:00,B,REL-030,573,7.3,82.5
2025-02-15 16:00:00,C,REL-045,400,6.5,98.5
2025-02-15 17:00:00,C,FIL-039,612,6.6,80.3
2025-02-15 18:00:00,B,FLO-017,507,9.5,92.0
2025-02-15 19:00:00,C,REL-020,743,4.3,98.9
2025-02-15 20:00:00,B,REL-045,463,9.5,87.2
2025-02-15 21:00:00,B,FLO-002,377,5.6,90.5
2025-02-15 22:00:00,C,FLO-027,553,7.1,93.9
2025-02-15 23:00:00,C,MOL-006,595,5.2,86.3
2025-02-16 00:00:00,B,REL-045,463,8.4,89.6
2025-02-16 01:00:00,B,FLO-002,535,9.8,96.3
2025-02-16 02:00:00,C,FLO-002,482,6.8,94.9
2025-02-16 03:00:00,C,FLO-017,383,5.3,96.2
2025-02-16 04:00:00,B,MOL-011,388,5.8,99.7
2025-02-16 05:00:00,A,REL-025,744,10.5,87.4
2025-02-16 06:00:00,A,REL-015,605,6.1,94.9
2025-02-16 07:00:00,A,ESP-018,257,10.2,92.1
2025-02-16 08:00:00,B,FIL-029,777,6.6,93.3
2025-02-16 09:00:00,B,FIL-029,627,5.5,94.8
2025-02-16 10:00:00,C,FLO-047,230,9.8,95.0
2025-02-16 11:00:00,A,REL-025,636,7.7,97.7
2025-02-16 12:00:00,C,FIL-029,553,4.3,87.0
2025-02-16 13:00:00,B,FIL-034,749,11.7,93.1
2025-02-16 14:00:00,A,FIL-009,493,5.2,85.6
2025-02-16 15:00:00,B,FIL-034,511,6.8,91.9
2025-02-16 16:00:00,A,FIL-044,388,7.1,95.0
2025-02-16 17:00:00,C,MOL-016,392,7.9,95.8
2025-02-16 18:00:00,C,FIL-009,570,10.3,88.4
2025-02-16 19:00:00,C,ESP-018,696,4.0,90.2
2025-02-16 20:00:00,B,FIL-014,734,11.5,86.7
2025-02-16 21:00:00,B,REL-030,662,9.2,83.4
2025-02-16 22:00:00,A,FIL-044,565,11.6,85.2
2025-02-16 23:00:00,C,REL-030,500,10.5,98.2
2025-02-17 00:00:00,A,FLO-007,403,11.4,86.2
2025-02-17 01:00:00,A,MOL-016,660,8.8,99.5
2025-02-17 02:00:00,A,REL-035,390,6.9,84.8
2025-02-17 03:00:00,B,FLO-017,360,7.5,94.5
2025-02-17 04:00:00,A,REL-030,720,9.3,91.5
2025-02-17 05:00:00,A,REL-035,553,7.4,93.9
2025-02-17 06:00:00,B,FLO-017,412,9.9,92.9
2025-02-17 07:00:00,C,ESP-033,719,4.7,94.1
2025-02-17 08:00:00,B,REL-020,777,10.6,98.1
2025-02-17 09:00:00,C,FLO-007,390,5.6,91.3
2025-02-17 10:00:00,C,FIL-019,512,11.6,81.4
2025-02-17 11:00:00,C,ESP-023,490,5.2,85.4
2025-02-17 12:00:00,B,MOL-001,620,5.0,94.2
2025-02-17 13:00:00,C,REL-045,770,10.5,89.9
2025-02-17 14:00:00,C,FLO-027,529,10.5,91.0
2025-02-17 15:00:00,C,FLO-002,678,9.9,91.9
2025-02-17 16:00:00,B,FIL-044,557,11.7,87.7
2025-02-17 17:00:00,A,ESP-043,732,6.2,95.5
2025-02-17 18:00:00,B,MOL-001,442,10.6,94.5
2025-02-17 19:00:00,C,FIL-009,431,6.8,94.3
2025-02-17 20:00:00,C,FIL-019,453,8.3,94.3
2025-02-17 21:00:00,B,MOL-026,797,7.6,97.8
2025-02-17 22:00:00,A,FLO-037,566,4.0,91.9
2025-02-17 23:00:00,B,FLO-022,291,8.6,99.3
2025-02-18 00:00:00,C,MOL-031,224,10.0,82.4
2025-02-18 01:00:00,B,MOL-001,511,5.4,92.6
2025-02-18 02:00:00,B,ESP-033,683,11.5,94.3
2025-02-18 03:00:00,B,MOL-046,487,8.2,89.5
2025-02-18 04:00:00,A,FLO-027,536,5.4,85.8
2025-02-18 05:00:00,A,ESP-023,679,9.2,91.0
2025-02-18 06:00:00,C,REL-015,509,5.5,87.3
2025-02-18 07:00:00,A,ESP-048,745,4.5,98.2
2025-02-18 08:00:00,C,FLO-002,582,9.5,87.1
2025-02-18 09:00:00,A,REL-015,638,4.9,83.5
2025-02-18 10:00:00,B,FLO-007,668,4.8,91.5
2025-02-18 11:00:00,B,FIL-044,576,9.9,87.9
2025-02-18 12:00:00,C,REL-025,230,4.4,81.9
2025-02-18 13:00:00,C,FLO-047,456,10.5,91.3
2025-02-18 14:00:00,B,FIL-034,284,10.4,90.8
2025-02-18 15:00:00,B,ESP-028,506,5.1,83.5
2025-02-18 16:00:00,C,MOL-026,285,8.1,92.0
2025-02-18 17:00:00,B,MOL-011,505,4.8,91.3
2025-02-18 18:00:00,A,FIL-029,406,9.1,95.5
2025-02-18 19:00:00,B,REL-035,212,4.5,87.2
2025-02-18 20:00:00,A,FIL-049,274,11.6,85.0
2025-02-18 21:00:00,B,ESP-028,501,5.7,99.0
2025-02-18 22:00:00,B,FLO-047,247,9.5,91.2
2025-02-18 23:00:00,A,ESP-048,713,5.0,80.5
2025-02-19 00:00:00,A,FLO-027,655,5.7,96.4
2025-02-19 01:00:00,C,FLO-022,625,7.6,83.9
2025-02-19 02:00:00,B,ESP-008,303,8.6,95.7
2025-02-19 03:00:00,A,FIL-014,677,12.0,94.1
2025-02-19 04:00:00,C,FIL-044,580,4.2,99.4
2025-02-19 05:00:00,C,FLO-007,434,4.0,99.3
2025-02-19 06:00:00,C,REL-020,200,6.8,85.5
2025-02-19 07:00:00,C,REL-035,517,6.9,95.3
2025-02-19 08:00:00,C,ESP-013,677,11.1,86.3
2025-02-19 09:00:00,B,FIL-049,220,11.3,92.6
2025-02-19 10:00:00,A,ESP-033,231,11.0,92.0
2025-02-19 11:00:00,C,FLO-002,429,5.1,81.1
2025-02-19 12:00:00,A,ESP-013,506,7.3,80.1
2025-02-19 13:00:00,A,ESP-038,484,10.0,81.2
2025-02-19 14:00:00,C,FIL-044,455,6.5,82.6
2025-02-19 15:00:00,C,FLO-047,353,9.3,85.2
2025-02-19 16:00:00,B,ESP-043,235,5.9,98.1
2025-02-19 17:00:00,C,mol-004,218,6.6,90.4
2025-02-19 18:00:00,C,FLO-037,259,10.9,95.9
2025-02-19 19:00:00,C,MOL-006,614,6.0,96.8
2025-02-19 20:00:00,A,mol-004,671,11.7,94.7
2025-02-19 21:00:00,B,REL-035,461,6.5,87.8
2025-02-19 22:00:00,A,FIL-024,246,4.2,97.3
2025-02-19 23:00:00,C,ESP-033,449,6.0,94.8
2025-02-20 00:00:00,A,ESP-043,791,5.4,94.9
2025-02-20 01:00:00,C,mol-004,349,8.1,98.0
2025-02-20 02:00:00,A,FLO-027,494,4.9,92.0
2025-02-20 03:00:00,B,FLO-042,522,9.0,90.6
2025-02-20 04:00:00,A,ESP-023,397,11.0,97.8
2025-02-20 05:00:00,C,FLO-027,462,6.9,89.1
2025-02-20 06:00:00,B,REL-025,483,5.3,96.2
2025-02-20 07:00:00,C,MOL-046,484,7.2,81.1
2025-02-20 08:00:00,A,ESP-003,630,10.3,80.0
2025-02-20 09:00:00,B,FIL-044,548,8.7,90.6
2025-02-20 10:00:00,C,MOL-041,232,4.8,81.5
2025-02-20 11:00:00,C,MOL-041,203,8.3,99.5
2025-02-20 12:00:00,A,MOL-021,446,7.7,80.1
2025-02-20 13:00:00,B,MOL-026,744,6.6,94.4
2025-02-20 14:00:00,B,FIL-019,222,4.9,84.9
2025-02-20 15:00:00,B,ESP-013,242,11.8,99.4
2025-02-20 16:00:00,B,FIL-044,607,5.4,87.6
2025-02-20 17:00:00,A,MOL-026,470,5.5,80.5
2025-02-20 18:00:00,C,FLO-037,338,5.2,80.5
2025-02-20 19:00:00,A,MOL-006,324,8.6,91.1
2025-02-20 20:00:00,A,REL-040,599,7.5,99.7
2025-02-20 21:00:00,C,ESP-033,514,6.0,99.6
2025-02-20 22:00:00,C,REL-050,582,7.4,86.7
2025-02-20 23:00:00,B,FLO-007,368,9.4,89.7
2025-02-21 00:00:00,C,ESP-028,515,6.3,82.0
2025-02-21 01:00:00,B,MOL-026,716,11.3,90.4
2025-02-21 02:00:00,B,FLO-027,389,6.5,92.0
2025-02-21 03:00:00,A,ESP-003,437,5.6,85.0
2025-02-21 04:00:00,A,FIL-024,298,11.6,92.2
2025-02-21 05:00:00,B,REL-015,583,10.5,98.0
2025-02-21 06:00:00,B,MOL-031,219,6.7,80.0
2025-02-21 07:00:00,C,FLO-012,349,10.7,84.6
2025-02-21 08:00:00,B,FLO-022,627,8.2,84.2
2025-02-21 09:00:00,C,FLO-032,211,6.8,82.5
2025-02-21 10:00:00,B,mol-004,793,10.7,83.3
2025-02-21 11:00:00,A,REL-040,442,10.0,92.5
2025-02-21 12:00:00,C,MOL-036,439,6.4,82.1
2025-02-21 13:00:00,B,ESP-003,521,8.9,94.8
2025-02-21 14:00:00,B,mol-004,583,7.0,97.7
2025-02-21 15:00:00,B,ESP-043,475,4.0,98.5
2025-02-21 16:00:00,A,REL-015,730,11.7,93.2
2025-02-21 17:00:00,B,FIL-044,777,8.4,83.9
2025-02-21 18:00:00,B,REL-025,320,8.8,81.7
2025-02-21 19:00:00,B,ESP-018,624,8.8,84.6
2025-02-21 20:00:00,A,FIL-014,380,8.4,99.2
2025-02-21 21:00:00,B,ESP-033,797,6.3,99.2
2025-02-21 22:00:00,B,MOL-006,351,11.8,87.6
2025-02-21 23:00:00,B,MOL-021,377,9.0,86.5
2025-02-22 00:00:00,A,ESP-018,628,9.4,90.2
2025-02-22 01:00:00,B,ESP-008,673,7.6,85.8
2025-02-22 02:00:00,A,ESP-018,277,6.3,99.6
2025-02-22 03:00:00,B,FLO-027,533,4.5,84.4
2025-02-22 04:00:00,A,FIL-034,407,6.8,87.4
2025-02-22 05:00:00,B,REL-005,567,5.4,88.6
2025-02-22 06:00:00,C,FIL-044,534,9.3,82.5
2025-02-22 07:00:00,C,FIL-044,791,11.0,87.7
2025-02-22 08:00:00,C,REL-035,760,6.4,97.1
2025-02-22 09:00:00,C,FLO-047,592,6.7,82.8
2025-02-22 10:00:00,A,FLO-022,607,9.4,91.7
2025-02-22 11:00:00,B,FLO-042,739,5.2,88.1
2025-02-22 12:00:00,B,FLO-037,310,11.4,83.4
2025-02-22 13:00:00,C,FIL-029,635,6.9,80.2
2025-02-22 14:00:00,B,FIL-009,663,4.8,85.5
2025-02-22 15:00:00,C,ESP-028,276,5.4,81.2
2025-02-22 16:00:00,A,MOL-046,728,11.5,87.5
2025-02-22 17:00:00,A,REL-050,619,6.0,96.2
2025-02-22 18:00:00,A,ESP-023,408,9.3,94.4
2025-02-22 19:00:00,B,ESP-013,490,5.2,98.9
2025-02-22 20:00:00,B,ESP-038,493,5.6,88.5
2025-02-22 21:00:00,A,mol-004,751,11.0,94.2
2025-02-22 22:00:00,C,ESP-008,781,5.2,93.3
2025-02-22 23:00:00,C,FIL-029,684,4.2,84.3
2025-02-23 00:00:00,B,REL-050,591,8.0,86.1
2025-02-23 01:00:00,A,FLO-017,262,10.9,90.6
2025-02-23 02:00:00,C,ESP-023,748,6.6,95.9
2025-02-23 03:00:00,C,FLO-017,280,5.0,89.2
2025-02-23 04:00:00,A,ESP-023,300,11.9,84.6
2025-02-23 05:00:00,A,MOL-001,241,9.4,99.9
2025-02-23 06:00:00,B,REL-030,768,10.8,82.3
2025-02-23 07:00:00,B,REL-030,495,10.0,99.1
2025-02-23 08:00:00,A,MOL-016,341,9.6,96.2
2025-02-23 09:00:00,C,FIL-014,248,7.1,96.8
2025-02-23 10:00:00,B,FIL-039,447,6.6,95.9
2025-02-23 11:00:00,B,REL-010,634,9.7,84.2
2025-02-23 12:00:00,A,ESP-003,796,9.7,92.7
2025-02-23 13:00:00,C,ESP-003,531,11.6,95.1
2025-02-23 14:00:00,A,REL-045,564,8.5,94.9
2025-02-23 15:00:00,C,FIL-019,701,6.4,85.4
2025-02-23 16:00:00,B,MOL-006,741,7.9,83.6
2025-02-23 17:00:00,C,FIL-044,367,8.9,86.6
2025-02-23 18:00:00,A,ESP-008,795,7.4,89.6
2025-02-23 19:00:00,A,FLO-017,511,10.3,91.5
2025-02-23 20:00:00,C,FLO-002,758,8.7,96.7
2025-02-23 21:00:00,C,FIL-034,270,4.1,95.4
2025-02-23 22:00:00,B,REL-035,258,8.6,93.5
2025-02-23 23:00:00,A,ESP-038,730,9.1,85.3
2025-02-24 00:00:00,C,FIL-014,603,11.3,89.6
2025-02-24 01:00:00,B,FLO-017,305,7.3,86.7
2025-02-24 02:00:00,C,FLO-047,736,8.6,84.7
2025-02-24 03:00:00,C,FLO-042,261,7.8,80.2
2025-02-24 04:00:00,C,FLO-002,609,8.3,86.8
2025-02-24 05:00:00,C,REL-035,323,4.5,85.1
2025-02-24 06:00:00,C,MOL-041,242,11.2,91.4
2025-02-24 07:00:00,B,ESP-028,683,11.3,81.2
2025-02-24 08:00:00,A,FLO-032,708,8.4,85.4
2025-02-24 09:00:00,B,MOL-001,263,8.5,80.9
2025-02-24 10:00:00,C,FLO-002,255,4.5,92.8
2025-02-24 11:00:00,C,FLO-002,568,8.8,91.4
2025-02-24 12:00:00,B,ESP-008,217,7.4,86.7
2025-02-24 13:00:00,C,REL-050,647,9.7,82.9
2025-02-24 14:00:00,A,FLO-032,749,4.4,99.2
2025-02-24 15:00:00,B,REL-040,650,9.7,91.7
2025-02-24 16:00:00,B,REL-015,338,6.3,93.6
2025-02-24 17:00:00,C,FLO-047,314,9.2,90.6
2025-02-24 18:00:00,A,REL-010,608,9.0,96.1
2025-02-24 19:00:00,A,MOL-046,236,5.8,97.9
2025-02-24 20:00:00,B,FLO-002,522,7.5,87.7
2025-02-24 21:00:00,A,FLO-002,469,10.7,93.8
2025-02-24 22:00:00,B,mol-004,646,8.8,84.6
2025-02-24 23:00:00,B,REL-040,321,4.5,93.0
2025-02-25 00:00:00,C,ESP-013,657,7.5,88.0
2025-02-25 01:00:00,C,ESP-023,619,6.5,80.1
2025-02-25 02:00:00,A,FIL-024,343,9.1,99.1
2025-02-25 03:00:00,A,REL-040,414,8.9,97.4
2025-02-25 04:00:00,A,ESP-018,239,4.1,85.8
2025-02-25 05:00:00,A,MOL-001,469,8.9,100.0
2025-02-25 06:00:00,C,REL-020,356,9.9,86.3
2025-02-25 07:00:00,A,REL-015,268,10.1,89.2
2025-02-25 08:00:00,A,FLO-037,535,4.5,97.0
2025-02-25 09:00:00,C,ESP-038,540,6.4,86.1
2025-02-25 10:00:00,C,REL-005,251,7.4,89.0
2025-02-25 11:00:00,A,REL-040,311,5.4,93.3
2025-02-25 12:00:00,A,mol-004,249,7.4,82.6
2025-02-25 13:00:00,B,MOL-031,607,4.6,88.4
2025-02-25 14:00:00,B,REL-020,402,4.9,86.2
2025-02-25 15:00:00,C,MOL-016,242,9.3,93.5
2025-02-25 16:00:00,B,REL-025,314,6.1,82.7
2025-02-25 17:00:00,A,MOL-016,785,9.7,84.7
2025-02-25 18:00:00,B,REL-040,353,4.4,94.2
2025-02-25 19:00:00,B,FIL-049,610,8.5,83.1
2025-02-25 20:00:00,B,MOL-041,481,7.1,88.4
2025-02-25 21:00:00,B,FLO-022,309,10.4,94.3
2025-02-25 22:00:00,C,MOL-026,384,10.3,95.3
2025-02-25 23:00:00,C,ESP-023,208,7.0,81.9
2025-02-26 00:00:00,A,REL-040,648,9.0,97.0
2025-02-26 01:00:00,B,ESP-028,400,5.8,94.5
2025-02-26 02:00:00,C,FIL-024,499,8.6,86.8
2025-02-26 03:00:00,B,MOL-021,291,4.7,95.3
2025-02-26 04:00:00,B,FIL-019,694,7.5,94.6
2025-02-26 05:00:00,A,ESP-028,331,5.5,92.0
2025-02-26 06:00:00,A,REL-035,539,11.1,91.2
2025-02-26 07:00:00,C,FLO-022,723,7.6,94.7
2025-02-26 08:00:00,C,MOL-041,627,8.7,100.0
2025-02-26 09:00:00,C,FLO-042,561,6.9,91.6
2025-02-26 10:00:00,A,FLO-022,732,6.3,96.2
2025-02-26 11:00:00,A,MOL-046,305,5.6,94.9
2025-02-26 12:00:00,A,FIL-009,778,11.3,97.1
2025-02-26 13:00:00,B,FLO-047,533,10.4,99.1
2025-02-26 14:00:00,B,REL-015,445,5.1,83.9
2025-02-26 15:00:00,C,FIL-029,353,10.0,83.3
2025-02-26 16:00:00,C,REL-015,646,7.3,91.7
2025-02-26 17:00:00,A,ESP-023,785,4.1,89.0
2025-02-26 18:00:00,C,ESP-018,614,8.2,91.4
2025-02-26 19:00:00,A,MOL-036,219,5.0,96.0
2025-02-26 20:00:00,A,REL-005,481,5.7,98.6
2025-02-26 21:00:00,B,FLO-042,639,9.6,88.3
2025-02-26 22:00:00,A,MOL-046,438,6.1,94.4
2025-02-26 23:00:00,B,FIL-029,663,11.1,83.9
2025-02-27 00:00:00,B,ESP-028,624,9.3,90.7
2025-02-27 01:00:00,A,REL-035,240,10.7,80.4
2025-02-27 02:00:00,B,REL-010,534,8.9,90.1
2025-02-27 03:00:00,B,ESP-038,303,11.0,90.9
2025-02-27 04:00:00,C,MOL-011,491,6.9,94.7
2025-02-27 05:00:00,A,FIL-034,430,8.4,93.0
2025-02-27 06:00:00,A,MOL-016,684,8.1,87.2
2025-02-27 07:00:00,B,ESP-038,720,11.2,80.1
2025-02-27 08:00:00,A,REL-040,476,5.3,82.3
2025-02-27 09:00:00,C,MOL-011,522,8.6,99.5
2025-02-27 10:00:00,A,MOL-031,575,10.0,98.4
2025-02-27 11:00:00,B,REL-025,593,7.0,86.5
2025-02-27 12:00:00,C,REL-015,581,10.9,85.2
2025-02-27 13:00:00,A,REL-030,669,7.0,88.7
2025-02-27 14:00:00,A,REL-050,789,5.4,93.8
2025-02-27 15:00:00,C,MOL-001,696,8.7,87.1
2025-02-27 16:00:00,B,ESP-048,280,7.4,81.3
2025-02-27 17:00:00,A,ESP-043,485,4.1,88.1
2025-02-27 18:00:00,A,FLO-027,476,4.6,85.2
2025-02-27 19:00:00,C,MOL-031,505,5.6,86.5
2025-02-27 20:00:00,C,FIL-019,517,10.2,83.3
2025-02-27 21:00:00,B,FLO-007,630,11.1,93.2
2025-02-27 22:00:00,B,FIL-029,452,8.4,90.5
2025-02-27 23:00:00,C,MOL-041,358,4.8,85.4
2025-02-28 00:00:00,A,FLO-012,474,8.3,91.1
2025-02-28 01:00:00,A,MOL-036,712,10.8,89.9
2025-02-28 02:00:00,C,ESP-038,386,10.0,95.9
2025-02-28 03:00:00,A,ESP-038,212,6.3,99.1
2025-02-28 04:00:00,C,ESP-018,785,5.0,82.6
2025-02-28 05:00:00,B,REL-020,317,11.2,97.7
2025-02-28 06:00:00,C,MOL-021,561,10.8,94.1
2025-02-28 07:00:00,A,ESP-043,680,4.4,93.9
2025-02-28 08:00:00,C,MOL-046,364,10.6,87.5
2025-02-28 09:00:00,A,MOL-021,404,4.8,86.9
2025-02-28 10:00:00,A,FIL-049,368,4.5,80.1
2025-02-28 11:00:00,C,FIL-029,289,10.1,99.6
2025-02-28 12:00:00,B,REL-020,291,8.3,92.1
2025-02-28 13:00:00,C,MOL-001,312,7.3,88.0
2025-02-28 14:00:00,A,MOL-031,474,11.2,90.9
2025-02-28 15:00:00,A,ESP-033,518,10.7,80.8
2025-02-28 16:00:00,B,FIL-049,209,4.5,83.5
2025-02-28 17:00:00,C,MOL-036,707,8.9,92.5
2025-02-28 18:00:00,B,FLO-002,605,10.2,90.3
2025-02-28 19:00:00,C,FIL-029,242,8.4,95.7
2025-02-28 20:00:00,C,ESP-038,705,11.9,93.2
2025-02-28 21:00:00,C,REL-025,218,9.5,92.0
2025-02-28 22:00:00,B,FLO-022,536,4.8,96.3
2025-02-28 23:00:00,C,MOL-041,479,5.6,81.4
2025-03-01 00:00:00,B,MOL-031,501,10.6,93.8
2025-03-01 01:00:00,C,REL-035,773,12.0,94.3
2025-03-01 02:00:00,B,FIL-024,756,4.8,85.5
2025-03-01 03:00:00,B,FIL-014,367,4.8,83.9
2025-03-01 04:00:00,B,MOL-026,547,10.1,84.3
2025-03-01 05:00:00,B,ESP-048,775,4.5,84.0
2025-03-01 06:00:00,C,MOL-031,637,4.5,90.5
2025-03-01 07:00:00,C,MOL-036,732,11.1,82.7
2025-03-01 08:00:00,B,FLO-007,460,10.4,93.2
2025-03-01 09:00:00,A,REL-050,369,11.1,82.1
2025-03-01 10:00:00,B,ESP-013,506,9.2,80.5
2025-03-01 11:00:00,A,FIL-049,690,6.6,86.4
2025-03-01 12:00:00,A,ESP-023,757,11.3,83.8
2025-03-01 13:00:00,A,MOL-046,611,6.4,99.8
2025-03-01 14:00:00,B,REL-045,623,6.2,86.1
2025-03-01 15:00:00,C,ESP-038,507,11.1,84.4
2025-03-01 16:00:00,B,MOL-046,391,9.4,83.9
2025-03-01 17:00:00,B,MOL-031,453,11.2,87.5
2025-03-01 18:00:00,A,ESP-043,498,5.2,92.1
2025-03-01 19:00:00,C,FIL-009,689,11.6,95.6
2025-03-01 20:00:00,A,mol-004,533,8.9,87.3
2025-03-01 21:00:00,C,ESP-028,675,9.3,92.5
2025-03-01 22:00:00,C,MOL-041,216,11.3,89.6
2025-03-01 23:00:00,C,FIL-039,654,7.0,96.9
2025-03-02 00:00:00,A,FLO-027,504,9.8,91.4
2025-03-02 01:00:00,A,FLO-027,798,9.1,85.8
2025-03-02 02:00:00,A,MOL-031,483,10.3,94.1
2025-03-02 03:00:00,C,FIL-044,487,11.2,96.4
2025-03-02 04:00:00,A,ESP-043,276,9.4,89.3
2025-03-02 05:00:00,C,MOL-006,684,4.5,99.7
2025-03-02 06:00:00,A,REL-030,620,5.5,97.6
2025-03-02 07:00:00,A,REL-020,717,11.6,83.9
2025-03-02 08:00:00,A,REL-040,255,11.7,95.7
2025-03-02 09:00:00,C,MOL-026,326,11.7,92.0
2025-03-02 10:00:00,B,REL-050,726,4.3,90.7
2025-03-02 11:00:00,B,FLO-022,225,7.1,90.3
2025-03-02 12:00:00,B,FIL-034,504,10.1,97.1
2025-03-02 13:00:00,B,MOL-006,442,10.0,92.2
2025-03-02 14:00:00,B,FLO-047,763,4.7,90.8
2025-03-02 15:00:00,B,ESP-008,714,8.9,81.0
2025-03-02 16:00:00,A,FIL-019,738,5.1,89.0
2025-03-02 17:00:00,A,FLO-042,373,7.9,98.2
2025-03-02 18:00:00,B,FIL-049,552,5.9,94.2
2025-03-02 19:00:00,A,REL-025,620,4.4,81.0
2025-03-02 20:00:00,B,REL-025,780,4.6,97.7
2025-03-02 21:00:00,A,ESP-003,204,11.3,96.5
2025-03-02 22:00:00,C,FIL-049,786,10.0,90.9
2025-03-02 23:00:00,A,MOL-001,413,11.5,80.4
2025-03-03 00:00:00,A,FLO-002,276,7.8,91.2
2025-03-03 01:00:00,B,FIL-024,569,7.3,81.1
2025-03-03 02:00:00,A,MOL-001,668,6.9,86.4
2025-03-03 03:00:00,B,FIL-009,277,8.9,92.6
2025-03-03 04:00:00,A,FLO-032,224,6.8,98.3
2025-03-03 05:00:00,A,MOL-036,737,10.0,87.2
2025-03-03 06:00:00,C,REL-015,760,10.4,97.2
2025-03-03 07:00:00,C,REL-040,293,11.0,98.4
2025-03-03 08:00:00,A,MOL-031,742,5.9,80.4
2025-03-03 09:00:00,C,FLO-012,745,8.2,84.8
2025-03-03 10:00:00,C,MOL-036,798,5.8,94.2
2025-03-03 11:00:00,B,REL-030,329,4.3,95.1
2025-03-03 12:00:00,B,MOL-041,547,9.7,87.8
2025-03-03 13:00:00,C,ESP-008,796,8.4,93.1
2025-03-03 14:00:00,B,FLO-012,741,9.8,92.2
2025-03-03 15:00:00,B,MOL-016,562,4.7,94.8
2025-03-03 16:00:00,B,ESP-018,318,12.0,94.4
2025-03-03 17:00:00,C,REL-045,250,12.0,81.7
2025-03-03 18:00:00,C,FLO-037,355,7.7,83.2
2025-03-03 19:00:00,A,ESP-028,239,10.9,82.7
2025-03-03 20:00:00,B,ESP-028,317,5.9,98.6
2025-03-03 21:00:00,C,REL-045,244,9.9,98.3
2025-03-03 22:00:00,A,ESP-023,657,11.0,95.9
2025-03-03 23:00:00,C,FLO-012,553,10.5,82.3
2025-03-04 00:00:00,C,FLO-007,510,10.5,91.5
2025-03-04 01:00:00,C,FLO-017,685,7.7,83.7
2025-03-04 02:00:00,A,ESP-033,446,10.6,87.4
2025-03-04 03:00:00,B,FIL-024,441,9.5,85.3
2025-03-04 04:00:00,B,FLO-022,324,5.1,96.6
2025-03-04 05:00:00,B,REL-025,466,4.9,82.9
2025-03-04 06:00:00,C,FIL-049,304,10.2,92.9
2025-03-04 07:00:00,B,REL-050,553,9.0,99.7
2025-03-04 08:00:00,B,FIL-009,798,8.2,93.7
2025-03-04 09:00:00,C,MOL-006,519,11.3,81.6
2025-03-04 10:00:00,C,ESP-013,379,9.3,98.2
2025-03-04 11:00:00,C,ESP-043,612,7.2,92.9
